userId,authenticatedUserToken,authenticatedFor
815a05e0-0dfd-4b10-9ba1-6e5e01445958,eyJhbGciOiJSUzI1NiIsInR5cCIgOiAiSldUIiwia2lkIiA6ICJOdHpmQVhtOVpvUVQwZUZoXzRZNmpJX2wycjNFS1k2ckJRcklMYzNPMjZnIn0.eyJqdGkiOiI0OWM1MDI3Yi1mZWNmLTQyNWYtYTU0My03N2JmYWY0ZDM0ZGEiLCJleHAiOjE1OTQ4OTU1MTEsIm5iZiI6MCwiaWF0IjoxNTkyMzAzNTExLCJpc3MiOiJodHRwczovL2xvYWR0ZXN0Lm50cC5uZXQuaW4vYXV0aC9yZWFsbXMvc3VuYmlyZCIsImF1ZCI6ImFkbWluLWNsaSIsInN1YiI6ImY6NTBmOTY3ZDQtYjlkYi00NTI4LTk1MGMtYjlmMDMzMmU2M2JhOjM5OTE0ZWNmLWNhNzYtNDU5Mi1iZGFkLTJkMTE0ZGQ2ZTgxNyIsInR5cCI6IkJlYXJlciIsImF6cCI6ImFkbWluLWNsaSIsImF1dGhfdGltZSI6MCwic2Vzc2lvbl9zdGF0ZSI6IjE0MDJhZTFmLWM1MTctNDBiNy05M2UxLWFiMTkzN2JiMmFiYSIsImFjciI6IjEiLCJhbGxvd2VkLW9yaWdpbnMiOltdLCJyZWFsbV9hY2Nlc3MiOnsicm9sZXMiOlsidW1hX2F1dGhvcml6YXRpb24iXX0sInJlc291cmNlX2FjY2VzcyI6e30sIm5hbWUiOiIxNTc4MzEwMDE0LTM3NDY2IiwicHJlZmVycmVkX3VzZXJuYW1lIjoiMTU3ODMxMDAxNC0zNzQ2Nl92NWt1IiwiZ2l2ZW5fbmFtZSI6IjE1NzgzMTAwMTQtMzc0NjYiLCJlbWFpbCI6IjE1KioqKioqKioqKioqKipAeW9wbWFpbC5jb20ifQ.JhEzOdpP9pzWqugpCTS50yI5noucqt6x0MYBwaS0-UDQjldCrvvqgf04NYxRGWIS4MSUzQlIbw5Pjk2h_IWmW2xTy7PuardxHzfCZ3ZVdr1eSnsyf7YHwZg_Q79NMU-D7JUtZm3MS_Jrb7VsUBLm0BWju0PtRIxHKdIf62xxgaXiSxmbUPX-Ql8Ql2CQDsu4N_v0WpuVFhlxrx7nUsngrSKfJxkyedVzpLRibRoiWgFQJCBLlWEoXWZohY1os1YVqP1rsR7rXnT-2BksL97zGBOROAfuoPWvwRj5CXTX03-sYsHrGqddjzCB6OapsJKnXlXVGrMh2uPusIIMJEYDCw,eyJhbGciOiJSUzI1NiIsImtpZCI6ImFjY2Vzc3YxX2tleTEwIn0.eyJwYXJlbnRJZCI6IjM5OTE0ZWNmLWNhNzYtNDU5Mi1iZGFkLTJkMTE0ZGQ2ZTgxNyIsInN1YiI6IjgxNWEwNWUwLTBkZmQtNGIxMC05YmExLTZlNWUwMTQ0NTk1OCIsImV4cCI6MTY1NTM3NTUzNCwiaWF0IjoxNTkyMzAzNTM0fQ.uUxCxss9-q4NRwqcrTjN-i0Oy7wZBpm7OF5sy34LfZuAwOl5PC807fytQ_SaEgBtKgXaJgAoSD8-2_1wDZatpPuA4ebwNoOcCqUnRrCSg5tJZfl1MHbIvF3z-yaLpUj7kTtROMIeixdH1-uEvOCgNsAfJmnY8R2KVJf3xeYyMb3cp8ctR81DB25w5i_0JPyva_Xgj4lqFyA9g6EuXOmTihv1AldbOB6WI65gFybMN5neeSgU6UnxUtt5b0-d8RJywl41JD-Qi_gutq8p3WnuImgk0lk8dhtbg8G4zg2ARRWRiGa2FhMF1VbOjk0Pn-hXxmqPlHOLTkdC5u5wKzYAUQ
564caa5e-2467-4ef6-86a7-1c7194156c30,eyJhbGciOiJSUzI1NiIsInR5cCIgOiAiSldUIiwia2lkIiA6ICJOdHpmQVhtOVpvUVQwZUZoXzRZNmpJX2wycjNFS1k2ckJRcklMYzNPMjZnIn0.eyJqdGkiOiI0OWM1MDI3Yi1mZWNmLTQyNWYtYTU0My03N2JmYWY0ZDM0ZGEiLCJleHAiOjE1OTQ4OTU1MTEsIm5iZiI6MCwiaWF0IjoxNTkyMzAzNTExLCJpc3MiOiJodHRwczovL2xvYWR0ZXN0Lm50cC5uZXQuaW4vYXV0aC9yZWFsbXMvc3VuYmlyZCIsImF1ZCI6ImFkbWluLWNsaSIsInN1YiI6ImY6NTBmOTY3ZDQtYjlkYi00NTI4LTk1MGMtYjlmMDMzMmU2M2JhOjM5OTE0ZWNmLWNhNzYtNDU5Mi1iZGFkLTJkMTE0ZGQ2ZTgxNyIsInR5cCI6IkJlYXJlciIsImF6cCI6ImFkbWluLWNsaSIsImF1dGhfdGltZSI6MCwic2Vzc2lvbl9zdGF0ZSI6IjE0MDJhZTFmLWM1MTctNDBiNy05M2UxLWFiMTkzN2JiMmFiYSIsImFjciI6IjEiLCJhbGxvd2VkLW9yaWdpbnMiOltdLCJyZWFsbV9hY2Nlc3MiOnsicm9sZXMiOlsidW1hX2F1dGhvcml6YXRpb24iXX0sInJlc291cmNlX2FjY2VzcyI6e30sIm5hbWUiOiIxNTc4MzEwMDE0LTM3NDY2IiwicHJlZmVycmVkX3VzZXJuYW1lIjoiMTU3ODMxMDAxNC0zNzQ2Nl92NWt1IiwiZ2l2ZW5fbmFtZSI6IjE1NzgzMTAwMTQtMzc0NjYiLCJlbWFpbCI6IjE1KioqKioqKioqKioqKipAeW9wbWFpbC5jb20ifQ.JhEzOdpP9pzWqugpCTS50yI5noucqt6x0MYBwaS0-UDQjldCrvvqgf04NYxRGWIS4MSUzQlIbw5Pjk2h_IWmW2xTy7PuardxHzfCZ3ZVdr1eSnsyf7YHwZg_Q79NMU-D7JUtZm3MS_Jrb7VsUBLm0BWju0PtRIxHKdIf62xxgaXiSxmbUPX-Ql8Ql2CQDsu4N_v0WpuVFhlxrx7nUsngrSKfJxkyedVzpLRibRoiWgFQJCBLlWEoXWZohY1os1YVqP1rsR7rXnT-2BksL97zGBOROAfuoPWvwRj5CXTX03-sYsHrGqddjzCB6OapsJKnXlXVGrMh2uPusIIMJEYDCw,eyJhbGciOiJSUzI1NiIsImtpZCI6ImFjY2Vzc3YxX2tleTEwIn0.eyJwYXJlbnRJZCI6IjM5OTE0ZWNmLWNhNzYtNDU5Mi1iZGFkLTJkMTE0ZGQ2ZTgxNyIsInN1YiI6IjU2NGNhYTVlLTI0NjctNGVmNi04NmE3LTFjNzE5NDE1NmMzMCIsImV4cCI6MTY1NTM3NTUzNCwiaWF0IjoxNTkyMzAzNTM0fQ.wI-_clN95PeaQhGOICfwJX2BwSOU1kMFtcb6pPRdAkUevTzc9m75sg8uCHuZW6Nnp1YCu23TcrrsyKQWe8bo0SRjbV29YoJScUTyCinvoTqvwqlp3icJSkJE3s_jvqYwOpqUaaq5onQusrIsbq7RR2sdU6WRdy6ZKQ2dBaVQDm57fqajLQZ3Zdnppr9ahRR5DQhh7d7i5Z2V6HEBzUqBy9LQeFXu7Udlwt8ZzBwNF0-gc4EMDWme24OJwHTWufI6VAas-Hznc2_h47PbBUM1TILKpySgT4AQ4FK6aA9pEr8eYLbCHM0WQGB79fuQkz1GOiUG467Q7pknJxhx9k-sQw
a6012745-f542-4dd6-91db-58510c5d2ace,eyJhbGciOiJSUzI1NiIsInR5cCIgOiAiSldUIiwia2lkIiA6ICJOdHpmQVhtOVpvUVQwZUZoXzRZNmpJX2wycjNFS1k2ckJRcklMYzNPMjZnIn0.eyJqdGkiOiI0OWM1MDI3Yi1mZWNmLTQyNWYtYTU0My03N2JmYWY0ZDM0ZGEiLCJleHAiOjE1OTQ4OTU1MTEsIm5iZiI6MCwiaWF0IjoxNTkyMzAzNTExLCJpc3MiOiJodHRwczovL2xvYWR0ZXN0Lm50cC5uZXQuaW4vYXV0aC9yZWFsbXMvc3VuYmlyZCIsImF1ZCI6ImFkbWluLWNsaSIsInN1YiI6ImY6NTBmOTY3ZDQtYjlkYi00NTI4LTk1MGMtYjlmMDMzMmU2M2JhOjM5OTE0ZWNmLWNhNzYtNDU5Mi1iZGFkLTJkMTE0ZGQ2ZTgxNyIsInR5cCI6IkJlYXJlciIsImF6cCI6ImFkbWluLWNsaSIsImF1dGhfdGltZSI6MCwic2Vzc2lvbl9zdGF0ZSI6IjE0MDJhZTFmLWM1MTctNDBiNy05M2UxLWFiMTkzN2JiMmFiYSIsImFjciI6IjEiLCJhbGxvd2VkLW9yaWdpbnMiOltdLCJyZWFsbV9hY2Nlc3MiOnsicm9sZXMiOlsidW1hX2F1dGhvcml6YXRpb24iXX0sInJlc291cmNlX2FjY2VzcyI6e30sIm5hbWUiOiIxNTc4MzEwMDE0LTM3NDY2IiwicHJlZmVycmVkX3VzZXJuYW1lIjoiMTU3ODMxMDAxNC0zNzQ2Nl92NWt1IiwiZ2l2ZW5fbmFtZSI6IjE1NzgzMTAwMTQtMzc0NjYiLCJlbWFpbCI6IjE1KioqKioqKioqKioqKipAeW9wbWFpbC5jb20ifQ.JhEzOdpP9pzWqugpCTS50yI5noucqt6x0MYBwaS0-UDQjldCrvvqgf04NYxRGWIS4MSUzQlIbw5Pjk2h_IWmW2xTy7PuardxHzfCZ3ZVdr1eSnsyf7YHwZg_Q79NMU-D7JUtZm3MS_Jrb7VsUBLm0BWju0PtRIxHKdIf62xxgaXiSxmbUPX-Ql8Ql2CQDsu4N_v0WpuVFhlxrx7nUsngrSKfJxkyedVzpLRibRoiWgFQJCBLlWEoXWZohY1os1YVqP1rsR7rXnT-2BksL97zGBOROAfuoPWvwRj5CXTX03-sYsHrGqddjzCB6OapsJKnXlXVGrMh2uPusIIMJEYDCw,eyJhbGciOiJSUzI1NiIsImtpZCI6ImFjY2Vzc3YxX2tleTEwIn0.eyJwYXJlbnRJZCI6IjM5OTE0ZWNmLWNhNzYtNDU5Mi1iZGFkLTJkMTE0ZGQ2ZTgxNyIsInN1YiI6ImE2MDEyNzQ1LWY1NDItNGRkNi05MWRiLTU4NTEwYzVkMmFjZSIsImV4cCI6MTY1NTM3NTUzNCwiaWF0IjoxNTkyMzAzNTM0fQ.Ek5DZ_dfutF3z01xX0JAo-an0OB3qhFHhqi_4-kRIc8EvtKUnKMPykq6-eNZU6SYYHWZvi4b5ta7dRCCq68SJGOSengkeuPIeEEW1AE3lTi9lK5Qk3K88i4iyvjA065Cy468NlCUo1vKFStGDQmVWsA7G5ZX5SFVkoZah3zB4grLFqQrB5DETsLA40K9CjF1WNvg-h55DxX5HIB3JT7RqedYUwpz2WvrX4p3H7fbyTSE0qpUyEv-eFP1EggZ9goiabocvzY2ldNoK3goBginN4gJejEHr40hwDfjdfvnp-5bUGSnoW3bqgC4gbKwEZ7ynkQDmurytgfYhiLdtQJJfg
9cf382c4-7f4b-4ca7-a409-1ebdd85db1e9,eyJhbGciOiJSUzI1NiIsInR5cCIgOiAiSldUIiwia2lkIiA6ICJOdHpmQVhtOVpvUVQwZUZoXzRZNmpJX2wycjNFS1k2ckJRcklMYzNPMjZnIn0.eyJqdGkiOiI0OWM1MDI3Yi1mZWNmLTQyNWYtYTU0My03N2JmYWY0ZDM0ZGEiLCJleHAiOjE1OTQ4OTU1MTEsIm5iZiI6MCwiaWF0IjoxNTkyMzAzNTExLCJpc3MiOiJodHRwczovL2xvYWR0ZXN0Lm50cC5uZXQuaW4vYXV0aC9yZWFsbXMvc3VuYmlyZCIsImF1ZCI6ImFkbWluLWNsaSIsInN1YiI6ImY6NTBmOTY3ZDQtYjlkYi00NTI4LTk1MGMtYjlmMDMzMmU2M2JhOjM5OTE0ZWNmLWNhNzYtNDU5Mi1iZGFkLTJkMTE0ZGQ2ZTgxNyIsInR5cCI6IkJlYXJlciIsImF6cCI6ImFkbWluLWNsaSIsImF1dGhfdGltZSI6MCwic2Vzc2lvbl9zdGF0ZSI6IjE0MDJhZTFmLWM1MTctNDBiNy05M2UxLWFiMTkzN2JiMmFiYSIsImFjciI6IjEiLCJhbGxvd2VkLW9yaWdpbnMiOltdLCJyZWFsbV9hY2Nlc3MiOnsicm9sZXMiOlsidW1hX2F1dGhvcml6YXRpb24iXX0sInJlc291cmNlX2FjY2VzcyI6e30sIm5hbWUiOiIxNTc4MzEwMDE0LTM3NDY2IiwicHJlZmVycmVkX3VzZXJuYW1lIjoiMTU3ODMxMDAxNC0zNzQ2Nl92NWt1IiwiZ2l2ZW5fbmFtZSI6IjE1NzgzMTAwMTQtMzc0NjYiLCJlbWFpbCI6IjE1KioqKioqKioqKioqKipAeW9wbWFpbC5jb20ifQ.JhEzOdpP9pzWqugpCTS50yI5noucqt6x0MYBwaS0-UDQjldCrvvqgf04NYxRGWIS4MSUzQlIbw5Pjk2h_IWmW2xTy7PuardxHzfCZ3ZVdr1eSnsyf7YHwZg_Q79NMU-D7JUtZm3MS_Jrb7VsUBLm0BWju0PtRIxHKdIf62xxgaXiSxmbUPX-Ql8Ql2CQDsu4N_v0WpuVFhlxrx7nUsngrSKfJxkyedVzpLRibRoiWgFQJCBLlWEoXWZohY1os1YVqP1rsR7rXnT-2BksL97zGBOROAfuoPWvwRj5CXTX03-sYsHrGqddjzCB6OapsJKnXlXVGrMh2uPusIIMJEYDCw,eyJhbGciOiJSUzI1NiIsImtpZCI6ImFjY2Vzc3YxX2tleTEwIn0.eyJwYXJlbnRJZCI6IjM5OTE0ZWNmLWNhNzYtNDU5Mi1iZGFkLTJkMTE0ZGQ2ZTgxNyIsInN1YiI6IjljZjM4MmM0LTdmNGItNGNhNy1hNDA5LTFlYmRkODVkYjFlOSIsImV4cCI6MTY1NTM3NTUzNCwiaWF0IjoxNTkyMzAzNTM0fQ.En9kWTmxUkp6kj4KhwZfrGajI5porOmxzFC32m4wZOTqRFTnCr2W87XWKWripL966jepmVD5N9KFilNDW4YqJ-u7b_K9pnnxGNG8Og4n9EiTVvzoAVznFYn2xY90aKcBaB9K59cR9hbj4-jHxvlNc0jd_P_54452hyv5nbvisbVyND1rZzZaMUJg5emwAxfDKcbFjQAWYv5mecn0zIW711sUt_siBis11IoXp6gKTfgpLXuPRnJzQWqPmVNzlATiWpyDUorSQxt5rxp6xJGmh6WLuaWPKmFNW8CUvn65UehnoroXC-xdqDymXP3mkjPyhiw9L133cfOO60r1MRMRGg
0208c386-9069-43e6-bb8f-598ef9b485e4,eyJhbGciOiJSUzI1NiIsInR5cCIgOiAiSldUIiwia2lkIiA6ICJOdHpmQVhtOVpvUVQwZUZoXzRZNmpJX2wycjNFS1k2ckJRcklMYzNPMjZnIn0.eyJqdGkiOiI0OWM1MDI3Yi1mZWNmLTQyNWYtYTU0My03N2JmYWY0ZDM0ZGEiLCJleHAiOjE1OTQ4OTU1MTEsIm5iZiI6MCwiaWF0IjoxNTkyMzAzNTExLCJpc3MiOiJodHRwczovL2xvYWR0ZXN0Lm50cC5uZXQuaW4vYXV0aC9yZWFsbXMvc3VuYmlyZCIsImF1ZCI6ImFkbWluLWNsaSIsInN1YiI6ImY6NTBmOTY3ZDQtYjlkYi00NTI4LTk1MGMtYjlmMDMzMmU2M2JhOjM5OTE0ZWNmLWNhNzYtNDU5Mi1iZGFkLTJkMTE0ZGQ2ZTgxNyIsInR5cCI6IkJlYXJlciIsImF6cCI6ImFkbWluLWNsaSIsImF1dGhfdGltZSI6MCwic2Vzc2lvbl9zdGF0ZSI6IjE0MDJhZTFmLWM1MTctNDBiNy05M2UxLWFiMTkzN2JiMmFiYSIsImFjciI6IjEiLCJhbGxvd2VkLW9yaWdpbnMiOltdLCJyZWFsbV9hY2Nlc3MiOnsicm9sZXMiOlsidW1hX2F1dGhvcml6YXRpb24iXX0sInJlc291cmNlX2FjY2VzcyI6e30sIm5hbWUiOiIxNTc4MzEwMDE0LTM3NDY2IiwicHJlZmVycmVkX3VzZXJuYW1lIjoiMTU3ODMxMDAxNC0zNzQ2Nl92NWt1IiwiZ2l2ZW5fbmFtZSI6IjE1NzgzMTAwMTQtMzc0NjYiLCJlbWFpbCI6IjE1KioqKioqKioqKioqKipAeW9wbWFpbC5jb20ifQ.JhEzOdpP9pzWqugpCTS50yI5noucqt6x0MYBwaS0-UDQjldCrvvqgf04NYxRGWIS4MSUzQlIbw5Pjk2h_IWmW2xTy7PuardxHzfCZ3ZVdr1eSnsyf7YHwZg_Q79NMU-D7JUtZm3MS_Jrb7VsUBLm0BWju0PtRIxHKdIf62xxgaXiSxmbUPX-Ql8Ql2CQDsu4N_v0WpuVFhlxrx7nUsngrSKfJxkyedVzpLRibRoiWgFQJCBLlWEoXWZohY1os1YVqP1rsR7rXnT-2BksL97zGBOROAfuoPWvwRj5CXTX03-sYsHrGqddjzCB6OapsJKnXlXVGrMh2uPusIIMJEYDCw,eyJhbGciOiJSUzI1NiIsImtpZCI6ImFjY2Vzc3YxX2tleTEwIn0.eyJwYXJlbnRJZCI6IjM5OTE0ZWNmLWNhNzYtNDU5Mi1iZGFkLTJkMTE0ZGQ2ZTgxNyIsInN1YiI6IjAyMDhjMzg2LTkwNjktNDNlNi1iYjhmLTU5OGVmOWI0ODVlNCIsImV4cCI6MTY1NTM3NTUzNCwiaWF0IjoxNTkyMzAzNTM0fQ.top3pGzqCTmnHQaQ0vM7n8xecs0rwGvS44p332xxrIP2ALSdlFoZ5YRs_ZTirl2EHaY4oL2zbs9jMIeoiCgp7d63hbIREMbHQtLynxRoywiu3yi4afH_8UDee-NiqAzlxbGI7O-a1fiIvfqSapO8DGAPNpYmpoSWb3bEBiHJmuIrh8UaGeRRqPyQ9zDnqg1VYYrRBJS_V__j0zpK4oH360pPmjxBXuF1i1c7sJ4V-16XAtXn46mvUWl0_VPK-jRzIqavn7z2NwtNs6QGKsIwRgxg6Qtlqh7Mg2uHlCIpinrp4j_yXmIjk86FhzRh_Ot4VcRizXgn8s1wLvsrEiBkXw
bb28fe75-f246-4d01-837f-97d4340ce0f8,eyJhbGciOiJSUzI1NiIsInR5cCIgOiAiSldUIiwia2lkIiA6ICJOdHpmQVhtOVpvUVQwZUZoXzRZNmpJX2wycjNFS1k2ckJRcklMYzNPMjZnIn0.eyJqdGkiOiI0OWM1MDI3Yi1mZWNmLTQyNWYtYTU0My03N2JmYWY0ZDM0ZGEiLCJleHAiOjE1OTQ4OTU1MTEsIm5iZiI6MCwiaWF0IjoxNTkyMzAzNTExLCJpc3MiOiJodHRwczovL2xvYWR0ZXN0Lm50cC5uZXQuaW4vYXV0aC9yZWFsbXMvc3VuYmlyZCIsImF1ZCI6ImFkbWluLWNsaSIsInN1YiI6ImY6NTBmOTY3ZDQtYjlkYi00NTI4LTk1MGMtYjlmMDMzMmU2M2JhOjM5OTE0ZWNmLWNhNzYtNDU5Mi1iZGFkLTJkMTE0ZGQ2ZTgxNyIsInR5cCI6IkJlYXJlciIsImF6cCI6ImFkbWluLWNsaSIsImF1dGhfdGltZSI6MCwic2Vzc2lvbl9zdGF0ZSI6IjE0MDJhZTFmLWM1MTctNDBiNy05M2UxLWFiMTkzN2JiMmFiYSIsImFjciI6IjEiLCJhbGxvd2VkLW9yaWdpbnMiOltdLCJyZWFsbV9hY2Nlc3MiOnsicm9sZXMiOlsidW1hX2F1dGhvcml6YXRpb24iXX0sInJlc291cmNlX2FjY2VzcyI6e30sIm5hbWUiOiIxNTc4MzEwMDE0LTM3NDY2IiwicHJlZmVycmVkX3VzZXJuYW1lIjoiMTU3ODMxMDAxNC0zNzQ2Nl92NWt1IiwiZ2l2ZW5fbmFtZSI6IjE1NzgzMTAwMTQtMzc0NjYiLCJlbWFpbCI6IjE1KioqKioqKioqKioqKipAeW9wbWFpbC5jb20ifQ.JhEzOdpP9pzWqugpCTS50yI5noucqt6x0MYBwaS0-UDQjldCrvvqgf04NYxRGWIS4MSUzQlIbw5Pjk2h_IWmW2xTy7PuardxHzfCZ3ZVdr1eSnsyf7YHwZg_Q79NMU-D7JUtZm3MS_Jrb7VsUBLm0BWju0PtRIxHKdIf62xxgaXiSxmbUPX-Ql8Ql2CQDsu4N_v0WpuVFhlxrx7nUsngrSKfJxkyedVzpLRibRoiWgFQJCBLlWEoXWZohY1os1YVqP1rsR7rXnT-2BksL97zGBOROAfuoPWvwRj5CXTX03-sYsHrGqddjzCB6OapsJKnXlXVGrMh2uPusIIMJEYDCw,eyJhbGciOiJSUzI1NiIsImtpZCI6ImFjY2Vzc3YxX2tleTEwIn0.eyJwYXJlbnRJZCI6IjM5OTE0ZWNmLWNhNzYtNDU5Mi1iZGFkLTJkMTE0ZGQ2ZTgxNyIsInN1YiI6ImJiMjhmZTc1LWYyNDYtNGQwMS04MzdmLTk3ZDQzNDBjZTBmOCIsImV4cCI6MTY1NTM3NTUzNCwiaWF0IjoxNTkyMzAzNTM0fQ.PKd0Yd_O0RNsAk7TJztRIqHWqA5-ySKZvmQsoyxRxtMyyDMwu7a5hIT2T5ixZHkArRadWE-0z5Z7CtRWx0quUst3PhyQcLhLKOyR0ZTeAFs9b3pfiXa4G-sfSXvZd91W9bPKq-hesr6U_G4vVFWyHnspbvjKFuFSPYfIXyx5y6Slth9Z1VgeXkoIqklUhSS_U8hlzTJwTtsDafKvA1DDAt5WZhot0z5tHyBgJhxk4mRqjCXQUJLERj9RNh7ski0QgG4MeLGsnehAU7gWkpyE0xiCYF30niz999YHO_-NOIS8mqWxjMiKCB4vMg7CKkOcSxDBXLxtnmk-WpJUM28Zrg
ab2e39b2-3b46-4283-a7e3-da26e9d4be50,eyJhbGciOiJSUzI1NiIsInR5cCIgOiAiSldUIiwia2lkIiA6ICJOdHpmQVhtOVpvUVQwZUZoXzRZNmpJX2wycjNFS1k2ckJRcklMYzNPMjZnIn0.eyJqdGkiOiI0OWM1MDI3Yi1mZWNmLTQyNWYtYTU0My03N2JmYWY0ZDM0ZGEiLCJleHAiOjE1OTQ4OTU1MTEsIm5iZiI6MCwiaWF0IjoxNTkyMzAzNTExLCJpc3MiOiJodHRwczovL2xvYWR0ZXN0Lm50cC5uZXQuaW4vYXV0aC9yZWFsbXMvc3VuYmlyZCIsImF1ZCI6ImFkbWluLWNsaSIsInN1YiI6ImY6NTBmOTY3ZDQtYjlkYi00NTI4LTk1MGMtYjlmMDMzMmU2M2JhOjM5OTE0ZWNmLWNhNzYtNDU5Mi1iZGFkLTJkMTE0ZGQ2ZTgxNyIsInR5cCI6IkJlYXJlciIsImF6cCI6ImFkbWluLWNsaSIsImF1dGhfdGltZSI6MCwic2Vzc2lvbl9zdGF0ZSI6IjE0MDJhZTFmLWM1MTctNDBiNy05M2UxLWFiMTkzN2JiMmFiYSIsImFjciI6IjEiLCJhbGxvd2VkLW9yaWdpbnMiOltdLCJyZWFsbV9hY2Nlc3MiOnsicm9sZXMiOlsidW1hX2F1dGhvcml6YXRpb24iXX0sInJlc291cmNlX2FjY2VzcyI6e30sIm5hbWUiOiIxNTc4MzEwMDE0LTM3NDY2IiwicHJlZmVycmVkX3VzZXJuYW1lIjoiMTU3ODMxMDAxNC0zNzQ2Nl92NWt1IiwiZ2l2ZW5fbmFtZSI6IjE1NzgzMTAwMTQtMzc0NjYiLCJlbWFpbCI6IjE1KioqKioqKioqKioqKipAeW9wbWFpbC5jb20ifQ.JhEzOdpP9pzWqugpCTS50yI5noucqt6x0MYBwaS0-UDQjldCrvvqgf04NYxRGWIS4MSUzQlIbw5Pjk2h_IWmW2xTy7PuardxHzfCZ3ZVdr1eSnsyf7YHwZg_Q79NMU-D7JUtZm3MS_Jrb7VsUBLm0BWju0PtRIxHKdIf62xxgaXiSxmbUPX-Ql8Ql2CQDsu4N_v0WpuVFhlxrx7nUsngrSKfJxkyedVzpLRibRoiWgFQJCBLlWEoXWZohY1os1YVqP1rsR7rXnT-2BksL97zGBOROAfuoPWvwRj5CXTX03-sYsHrGqddjzCB6OapsJKnXlXVGrMh2uPusIIMJEYDCw,eyJhbGciOiJSUzI1NiIsImtpZCI6ImFjY2Vzc3YxX2tleTEwIn0.eyJwYXJlbnRJZCI6IjM5OTE0ZWNmLWNhNzYtNDU5Mi1iZGFkLTJkMTE0ZGQ2ZTgxNyIsInN1YiI6ImFiMmUzOWIyLTNiNDYtNDI4My1hN2UzLWRhMjZlOWQ0YmU1MCIsImV4cCI6MTY1NTM3NTUzNCwiaWF0IjoxNTkyMzAzNTM0fQ.rOvI82rVn-Sm9yHrz-IUPXG9qMIOrqDUdxd9iPREUmwQU946F5gxI-tSepxi8WgBfYgewmoxtVo0DyETLjpHNdR0S0VGG0ZRSMklVcTT-ongmFdqWBkmGpB2_us-UOJRidnkqoqhbJHB6ZDlNX1MO6B5Cz16N3SHWhWggy2lDeotmoOf5OhTIltXTcOOX09_MfrDJEsQvqXS5fSWNANL69Zjej4M2T69wKamroNUA3j-VD2TOUIh2XSFUX6B3f4Hbx_1jeQYHRGU1RCJtjWKA6N1L08unlGVzAMMUhGl98lFX-052VAITUJVhDJoxyKv3_w5GzinnzAZ5T2S1NnbeQ
c198867e-5272-4882-a95d-978cd784fdcc,eyJhbGciOiJSUzI1NiIsInR5cCIgOiAiSldUIiwia2lkIiA6ICJOdHpmQVhtOVpvUVQwZUZoXzRZNmpJX2wycjNFS1k2ckJRcklMYzNPMjZnIn0.eyJqdGkiOiI0OWM1MDI3Yi1mZWNmLTQyNWYtYTU0My03N2JmYWY0ZDM0ZGEiLCJleHAiOjE1OTQ4OTU1MTEsIm5iZiI6MCwiaWF0IjoxNTkyMzAzNTExLCJpc3MiOiJodHRwczovL2xvYWR0ZXN0Lm50cC5uZXQuaW4vYXV0aC9yZWFsbXMvc3VuYmlyZCIsImF1ZCI6ImFkbWluLWNsaSIsInN1YiI6ImY6NTBmOTY3ZDQtYjlkYi00NTI4LTk1MGMtYjlmMDMzMmU2M2JhOjM5OTE0ZWNmLWNhNzYtNDU5Mi1iZGFkLTJkMTE0ZGQ2ZTgxNyIsInR5cCI6IkJlYXJlciIsImF6cCI6ImFkbWluLWNsaSIsImF1dGhfdGltZSI6MCwic2Vzc2lvbl9zdGF0ZSI6IjE0MDJhZTFmLWM1MTctNDBiNy05M2UxLWFiMTkzN2JiMmFiYSIsImFjciI6IjEiLCJhbGxvd2VkLW9yaWdpbnMiOltdLCJyZWFsbV9hY2Nlc3MiOnsicm9sZXMiOlsidW1hX2F1dGhvcml6YXRpb24iXX0sInJlc291cmNlX2FjY2VzcyI6e30sIm5hbWUiOiIxNTc4MzEwMDE0LTM3NDY2IiwicHJlZmVycmVkX3VzZXJuYW1lIjoiMTU3ODMxMDAxNC0zNzQ2Nl92NWt1IiwiZ2l2ZW5fbmFtZSI6IjE1NzgzMTAwMTQtMzc0NjYiLCJlbWFpbCI6IjE1KioqKioqKioqKioqKipAeW9wbWFpbC5jb20ifQ.JhEzOdpP9pzWqugpCTS50yI5noucqt6x0MYBwaS0-UDQjldCrvvqgf04NYxRGWIS4MSUzQlIbw5Pjk2h_IWmW2xTy7PuardxHzfCZ3ZVdr1eSnsyf7YHwZg_Q79NMU-D7JUtZm3MS_Jrb7VsUBLm0BWju0PtRIxHKdIf62xxgaXiSxmbUPX-Ql8Ql2CQDsu4N_v0WpuVFhlxrx7nUsngrSKfJxkyedVzpLRibRoiWgFQJCBLlWEoXWZohY1os1YVqP1rsR7rXnT-2BksL97zGBOROAfuoPWvwRj5CXTX03-sYsHrGqddjzCB6OapsJKnXlXVGrMh2uPusIIMJEYDCw,eyJhbGciOiJSUzI1NiIsImtpZCI6ImFjY2Vzc3YxX2tleTEwIn0.eyJwYXJlbnRJZCI6IjM5OTE0ZWNmLWNhNzYtNDU5Mi1iZGFkLTJkMTE0ZGQ2ZTgxNyIsInN1YiI6ImMxOTg4NjdlLTUyNzItNDg4Mi1hOTVkLTk3OGNkNzg0ZmRjYyIsImV4cCI6MTY1NTM3NTUzNCwiaWF0IjoxNTkyMzAzNTM0fQ.isLICtskCLwk9waxCyTNkmqKNwHIMej6TAQqv1G9ns9MWa7ZFi8HJ40WYlwDtWpvKxZ9NjpVLGrYHyKBNm2ZzTOo-iBeLeeywzW1aPleEb9uhsRuQfhu3bNvVnWY_Y2i3mbGsJ8qatfwkiw3SSjVaL4iv4_ByVrD9J--zLMZqz6UKvmE1nPm0_YU5HckWAgRWQOi9Of0b35tlZaNYTj1AE8VyziPvEZKS9ln4Ef_P0nqdQORatmfXU2Pwm19hau1j6htWg2kxOwQTnCsP97Is-T6leS96ILA58KDbnP3npI7HF3myM7863sHx4kvxu6wdI7_QY8dTavXX3CKzGul3A
6fec38f2-b5ea-45c6-840c-17c5fd6d304a,eyJhbGciOiJSUzI1NiIsInR5cCIgOiAiSldUIiwia2lkIiA6ICJOdHpmQVhtOVpvUVQwZUZoXzRZNmpJX2wycjNFS1k2ckJRcklMYzNPMjZnIn0.eyJqdGkiOiI0OWM1MDI3Yi1mZWNmLTQyNWYtYTU0My03N2JmYWY0ZDM0ZGEiLCJleHAiOjE1OTQ4OTU1MTEsIm5iZiI6MCwiaWF0IjoxNTkyMzAzNTExLCJpc3MiOiJodHRwczovL2xvYWR0ZXN0Lm50cC5uZXQuaW4vYXV0aC9yZWFsbXMvc3VuYmlyZCIsImF1ZCI6ImFkbWluLWNsaSIsInN1YiI6ImY6NTBmOTY3ZDQtYjlkYi00NTI4LTk1MGMtYjlmMDMzMmU2M2JhOjM5OTE0ZWNmLWNhNzYtNDU5Mi1iZGFkLTJkMTE0ZGQ2ZTgxNyIsInR5cCI6IkJlYXJlciIsImF6cCI6ImFkbWluLWNsaSIsImF1dGhfdGltZSI6MCwic2Vzc2lvbl9zdGF0ZSI6IjE0MDJhZTFmLWM1MTctNDBiNy05M2UxLWFiMTkzN2JiMmFiYSIsImFjciI6IjEiLCJhbGxvd2VkLW9yaWdpbnMiOltdLCJyZWFsbV9hY2Nlc3MiOnsicm9sZXMiOlsidW1hX2F1dGhvcml6YXRpb24iXX0sInJlc291cmNlX2FjY2VzcyI6e30sIm5hbWUiOiIxNTc4MzEwMDE0LTM3NDY2IiwicHJlZmVycmVkX3VzZXJuYW1lIjoiMTU3ODMxMDAxNC0zNzQ2Nl92NWt1IiwiZ2l2ZW5fbmFtZSI6IjE1NzgzMTAwMTQtMzc0NjYiLCJlbWFpbCI6IjE1KioqKioqKioqKioqKipAeW9wbWFpbC5jb20ifQ.JhEzOdpP9pzWqugpCTS50yI5noucqt6x0MYBwaS0-UDQjldCrvvqgf04NYxRGWIS4MSUzQlIbw5Pjk2h_IWmW2xTy7PuardxHzfCZ3ZVdr1eSnsyf7YHwZg_Q79NMU-D7JUtZm3MS_Jrb7VsUBLm0BWju0PtRIxHKdIf62xxgaXiSxmbUPX-Ql8Ql2CQDsu4N_v0WpuVFhlxrx7nUsngrSKfJxkyedVzpLRibRoiWgFQJCBLlWEoXWZohY1os1YVqP1rsR7rXnT-2BksL97zGBOROAfuoPWvwRj5CXTX03-sYsHrGqddjzCB6OapsJKnXlXVGrMh2uPusIIMJEYDCw,eyJhbGciOiJSUzI1NiIsImtpZCI6ImFjY2Vzc3YxX2tleTEwIn0.eyJwYXJlbnRJZCI6IjM5OTE0ZWNmLWNhNzYtNDU5Mi1iZGFkLTJkMTE0ZGQ2ZTgxNyIsInN1YiI6IjZmZWMzOGYyLWI1ZWEtNDVjNi04NDBjLTE3YzVmZDZkMzA0YSIsImV4cCI6MTY1NTM3NTUzNCwiaWF0IjoxNTkyMzAzNTM0fQ.X4tysPwsxyZ7Y5cokuQ6QqcCty7cXeVqLdmY-b9h_U1Wzrwe0tmHXWQRG87LHz80KkZw-v82UmJ76ohnRYci8vtxTD-BoGrylPCA5khOs76txEjIl55g2RMBaY7vX5W-hewo2l24lv5kjXRqbpfFaEaOnAdujLQRdP_1BRgDG_zuVzbwFVS_DndwhoT_QM_KXcpxHcUOklCugkFhijKbdNoAVVMv5IvdQY94z_idmQ29eTOopikXTN-tf-SAKnAAmjl2V0P_Ca4zw-UmfBarzdwAW0svMLamfKcO4Q1UlN39Rzp29KdXF11zEHyQellubsev1-tNrP4923o2uootqA
0d84bcef-a4de-4685-82af-d46f56b0b462,eyJhbGciOiJSUzI1NiIsInR5cCIgOiAiSldUIiwia2lkIiA6ICJOdHpmQVhtOVpvUVQwZUZoXzRZNmpJX2wycjNFS1k2ckJRcklMYzNPMjZnIn0.eyJqdGkiOiI0OWM1MDI3Yi1mZWNmLTQyNWYtYTU0My03N2JmYWY0ZDM0ZGEiLCJleHAiOjE1OTQ4OTU1MTEsIm5iZiI6MCwiaWF0IjoxNTkyMzAzNTExLCJpc3MiOiJodHRwczovL2xvYWR0ZXN0Lm50cC5uZXQuaW4vYXV0aC9yZWFsbXMvc3VuYmlyZCIsImF1ZCI6ImFkbWluLWNsaSIsInN1YiI6ImY6NTBmOTY3ZDQtYjlkYi00NTI4LTk1MGMtYjlmMDMzMmU2M2JhOjM5OTE0ZWNmLWNhNzYtNDU5Mi1iZGFkLTJkMTE0ZGQ2ZTgxNyIsInR5cCI6IkJlYXJlciIsImF6cCI6ImFkbWluLWNsaSIsImF1dGhfdGltZSI6MCwic2Vzc2lvbl9zdGF0ZSI6IjE0MDJhZTFmLWM1MTctNDBiNy05M2UxLWFiMTkzN2JiMmFiYSIsImFjciI6IjEiLCJhbGxvd2VkLW9yaWdpbnMiOltdLCJyZWFsbV9hY2Nlc3MiOnsicm9sZXMiOlsidW1hX2F1dGhvcml6YXRpb24iXX0sInJlc291cmNlX2FjY2VzcyI6e30sIm5hbWUiOiIxNTc4MzEwMDE0LTM3NDY2IiwicHJlZmVycmVkX3VzZXJuYW1lIjoiMTU3ODMxMDAxNC0zNzQ2Nl92NWt1IiwiZ2l2ZW5fbmFtZSI6IjE1NzgzMTAwMTQtMzc0NjYiLCJlbWFpbCI6IjE1KioqKioqKioqKioqKipAeW9wbWFpbC5jb20ifQ.JhEzOdpP9pzWqugpCTS50yI5noucqt6x0MYBwaS0-UDQjldCrvvqgf04NYxRGWIS4MSUzQlIbw5Pjk2h_IWmW2xTy7PuardxHzfCZ3ZVdr1eSnsyf7YHwZg_Q79NMU-D7JUtZm3MS_Jrb7VsUBLm0BWju0PtRIxHKdIf62xxgaXiSxmbUPX-Ql8Ql2CQDsu4N_v0WpuVFhlxrx7nUsngrSKfJxkyedVzpLRibRoiWgFQJCBLlWEoXWZohY1os1YVqP1rsR7rXnT-2BksL97zGBOROAfuoPWvwRj5CXTX03-sYsHrGqddjzCB6OapsJKnXlXVGrMh2uPusIIMJEYDCw,eyJhbGciOiJSUzI1NiIsImtpZCI6ImFjY2Vzc3YxX2tleTEwIn0.eyJwYXJlbnRJZCI6IjM5OTE0ZWNmLWNhNzYtNDU5Mi1iZGFkLTJkMTE0ZGQ2ZTgxNyIsInN1YiI6IjBkODRiY2VmLWE0ZGUtNDY4NS04MmFmLWQ0NmY1NmIwYjQ2MiIsImV4cCI6MTY1NTM3NTUzNCwiaWF0IjoxNTkyMzAzNTM0fQ.iswUeHRf8vd_7VW2LGq0wlrA4CyKduGSWC93avJ2R0vmH_H9Lbw4hCEyExOa4p_IFxAyppG2Ml_QU77UaTBtnPe4WmQlMOm5ShgCGUh8pDh80iXs5Ai7XL5EvKQqdqNS5rFGB67T2qlgQZ0ux372wqOOjFYjWX0Sxxb4JFGobgKnM0ZoYIl07UCTRmiUZADaaFCjqMUislr_TfoXW3ivTw0XOGZGve_9u0nDRAQ_g9_fTkDTljU8Zhgh7K6JVqcK1ZAzuDaU-AhQ2Aqitzsc9cLBjvKpZIQ7YblDlU7Zetki6CwJc2nBN1De5A434_P0x-rOB2QrescvdJ_Sjbpnxw
28cf4bdd-72f4-4c05-8fb8-30a755f90767,eyJhbGciOiJSUzI1NiIsInR5cCIgOiAiSldUIiwia2lkIiA6ICJOdHpmQVhtOVpvUVQwZUZoXzRZNmpJX2wycjNFS1k2ckJRcklMYzNPMjZnIn0.eyJqdGkiOiI0OWM1MDI3Yi1mZWNmLTQyNWYtYTU0My03N2JmYWY0ZDM0ZGEiLCJleHAiOjE1OTQ4OTU1MTEsIm5iZiI6MCwiaWF0IjoxNTkyMzAzNTExLCJpc3MiOiJodHRwczovL2xvYWR0ZXN0Lm50cC5uZXQuaW4vYXV0aC9yZWFsbXMvc3VuYmlyZCIsImF1ZCI6ImFkbWluLWNsaSIsInN1YiI6ImY6NTBmOTY3ZDQtYjlkYi00NTI4LTk1MGMtYjlmMDMzMmU2M2JhOjM5OTE0ZWNmLWNhNzYtNDU5Mi1iZGFkLTJkMTE0ZGQ2ZTgxNyIsInR5cCI6IkJlYXJlciIsImF6cCI6ImFkbWluLWNsaSIsImF1dGhfdGltZSI6MCwic2Vzc2lvbl9zdGF0ZSI6IjE0MDJhZTFmLWM1MTctNDBiNy05M2UxLWFiMTkzN2JiMmFiYSIsImFjciI6IjEiLCJhbGxvd2VkLW9yaWdpbnMiOltdLCJyZWFsbV9hY2Nlc3MiOnsicm9sZXMiOlsidW1hX2F1dGhvcml6YXRpb24iXX0sInJlc291cmNlX2FjY2VzcyI6e30sIm5hbWUiOiIxNTc4MzEwMDE0LTM3NDY2IiwicHJlZmVycmVkX3VzZXJuYW1lIjoiMTU3ODMxMDAxNC0zNzQ2Nl92NWt1IiwiZ2l2ZW5fbmFtZSI6IjE1NzgzMTAwMTQtMzc0NjYiLCJlbWFpbCI6IjE1KioqKioqKioqKioqKipAeW9wbWFpbC5jb20ifQ.JhEzOdpP9pzWqugpCTS50yI5noucqt6x0MYBwaS0-UDQjldCrvvqgf04NYxRGWIS4MSUzQlIbw5Pjk2h_IWmW2xTy7PuardxHzfCZ3ZVdr1eSnsyf7YHwZg_Q79NMU-D7JUtZm3MS_Jrb7VsUBLm0BWju0PtRIxHKdIf62xxgaXiSxmbUPX-Ql8Ql2CQDsu4N_v0WpuVFhlxrx7nUsngrSKfJxkyedVzpLRibRoiWgFQJCBLlWEoXWZohY1os1YVqP1rsR7rXnT-2BksL97zGBOROAfuoPWvwRj5CXTX03-sYsHrGqddjzCB6OapsJKnXlXVGrMh2uPusIIMJEYDCw,eyJhbGciOiJSUzI1NiIsImtpZCI6ImFjY2Vzc3YxX2tleTEwIn0.eyJwYXJlbnRJZCI6IjM5OTE0ZWNmLWNhNzYtNDU5Mi1iZGFkLTJkMTE0ZGQ2ZTgxNyIsInN1YiI6IjI4Y2Y0YmRkLTcyZjQtNGMwNS04ZmI4LTMwYTc1NWY5MDc2NyIsImV4cCI6MTY1NTM3NTUzNCwiaWF0IjoxNTkyMzAzNTM0fQ.ItypSjyPxj5X9Haya1FP8MQVx_McvgsTGeWm1erfMR4ZAVJ1EGUmEGuWbNdfVtEqLi1lXmeYp8JQBImIrKJZKXQn0j2YbR6z1LiCInZnORfrqUmbDG_c5plf06ITRNUSl--AN5j8tXeqLbqVUVgPbC7AsqB4aBUYZRDfKvn1CZi3XeXFszv0ymyaFKKdC4U1_46_K-iBQVHLZNZjgUXP0NIhCf5jzpTbWIpab15hSm1rveCkbs6bAIliDxfQWQE3QndfY7IE54D7g25EH0Ldqocy6RQtlAskJ0nx56axIzdm4cq5ZxhfXEJUJj7Y2MsMrL5_LtM7dNci7tLvSTbxBA
78412dc2-5501-4ace-a262-2b12f5a4a9e4,eyJhbGciOiJSUzI1NiIsInR5cCIgOiAiSldUIiwia2lkIiA6ICJOdHpmQVhtOVpvUVQwZUZoXzRZNmpJX2wycjNFS1k2ckJRcklMYzNPMjZnIn0.eyJqdGkiOiI0OWM1MDI3Yi1mZWNmLTQyNWYtYTU0My03N2JmYWY0ZDM0ZGEiLCJleHAiOjE1OTQ4OTU1MTEsIm5iZiI6MCwiaWF0IjoxNTkyMzAzNTExLCJpc3MiOiJodHRwczovL2xvYWR0ZXN0Lm50cC5uZXQuaW4vYXV0aC9yZWFsbXMvc3VuYmlyZCIsImF1ZCI6ImFkbWluLWNsaSIsInN1YiI6ImY6NTBmOTY3ZDQtYjlkYi00NTI4LTk1MGMtYjlmMDMzMmU2M2JhOjM5OTE0ZWNmLWNhNzYtNDU5Mi1iZGFkLTJkMTE0ZGQ2ZTgxNyIsInR5cCI6IkJlYXJlciIsImF6cCI6ImFkbWluLWNsaSIsImF1dGhfdGltZSI6MCwic2Vzc2lvbl9zdGF0ZSI6IjE0MDJhZTFmLWM1MTctNDBiNy05M2UxLWFiMTkzN2JiMmFiYSIsImFjciI6IjEiLCJhbGxvd2VkLW9yaWdpbnMiOltdLCJyZWFsbV9hY2Nlc3MiOnsicm9sZXMiOlsidW1hX2F1dGhvcml6YXRpb24iXX0sInJlc291cmNlX2FjY2VzcyI6e30sIm5hbWUiOiIxNTc4MzEwMDE0LTM3NDY2IiwicHJlZmVycmVkX3VzZXJuYW1lIjoiMTU3ODMxMDAxNC0zNzQ2Nl92NWt1IiwiZ2l2ZW5fbmFtZSI6IjE1NzgzMTAwMTQtMzc0NjYiLCJlbWFpbCI6IjE1KioqKioqKioqKioqKipAeW9wbWFpbC5jb20ifQ.JhEzOdpP9pzWqugpCTS50yI5noucqt6x0MYBwaS0-UDQjldCrvvqgf04NYxRGWIS4MSUzQlIbw5Pjk2h_IWmW2xTy7PuardxHzfCZ3ZVdr1eSnsyf7YHwZg_Q79NMU-D7JUtZm3MS_Jrb7VsUBLm0BWju0PtRIxHKdIf62xxgaXiSxmbUPX-Ql8Ql2CQDsu4N_v0WpuVFhlxrx7nUsngrSKfJxkyedVzpLRibRoiWgFQJCBLlWEoXWZohY1os1YVqP1rsR7rXnT-2BksL97zGBOROAfuoPWvwRj5CXTX03-sYsHrGqddjzCB6OapsJKnXlXVGrMh2uPusIIMJEYDCw,eyJhbGciOiJSUzI1NiIsImtpZCI6ImFjY2Vzc3YxX2tleTEwIn0.eyJwYXJlbnRJZCI6IjM5OTE0ZWNmLWNhNzYtNDU5Mi1iZGFkLTJkMTE0ZGQ2ZTgxNyIsInN1YiI6Ijc4NDEyZGMyLTU1MDEtNGFjZS1hMjYyLTJiMTJmNWE0YTllNCIsImV4cCI6MTY1NTM3NTUzNCwiaWF0IjoxNTkyMzAzNTM0fQ.ZMf3ZU91ppOcLpPM52GTHVqUaOew4X11K8HB2kLDsGYPI0Q0LXSyNhc2VwCoF_LYA6JNPuCka6Bu2IIOOU4RJLDT1uGQDWOwOOb7rRJbah9Kb9gwX_tPqHoFwN4Bqu8hVXZJAB_FAg1BzpbiRpcxS9fhg9Kz5O3NnV9lNTsD0D8bYgl2waRlA187g3IB574iJYnSpMhZIknYliOjzh8lnyRbl8d_NKIrx0fu8i5mXDx3zc5ShGxarapcgW85avAAiLzWnaknUy_alToPRGtWtaIHhS8nEHC8AssW_zMULLWmh6DimJDAdKj2Yym1goXIKwNsj3zaGY7TVb-7VaRShQ
799b09bd-eb2d-4ad4-803f-f6e8e3e37728,eyJhbGciOiJSUzI1NiIsInR5cCIgOiAiSldUIiwia2lkIiA6ICJOdHpmQVhtOVpvUVQwZUZoXzRZNmpJX2wycjNFS1k2ckJRcklMYzNPMjZnIn0.eyJqdGkiOiI0OWM1MDI3Yi1mZWNmLTQyNWYtYTU0My03N2JmYWY0ZDM0ZGEiLCJleHAiOjE1OTQ4OTU1MTEsIm5iZiI6MCwiaWF0IjoxNTkyMzAzNTExLCJpc3MiOiJodHRwczovL2xvYWR0ZXN0Lm50cC5uZXQuaW4vYXV0aC9yZWFsbXMvc3VuYmlyZCIsImF1ZCI6ImFkbWluLWNsaSIsInN1YiI6ImY6NTBmOTY3ZDQtYjlkYi00NTI4LTk1MGMtYjlmMDMzMmU2M2JhOjM5OTE0ZWNmLWNhNzYtNDU5Mi1iZGFkLTJkMTE0ZGQ2ZTgxNyIsInR5cCI6IkJlYXJlciIsImF6cCI6ImFkbWluLWNsaSIsImF1dGhfdGltZSI6MCwic2Vzc2lvbl9zdGF0ZSI6IjE0MDJhZTFmLWM1MTctNDBiNy05M2UxLWFiMTkzN2JiMmFiYSIsImFjciI6IjEiLCJhbGxvd2VkLW9yaWdpbnMiOltdLCJyZWFsbV9hY2Nlc3MiOnsicm9sZXMiOlsidW1hX2F1dGhvcml6YXRpb24iXX0sInJlc291cmNlX2FjY2VzcyI6e30sIm5hbWUiOiIxNTc4MzEwMDE0LTM3NDY2IiwicHJlZmVycmVkX3VzZXJuYW1lIjoiMTU3ODMxMDAxNC0zNzQ2Nl92NWt1IiwiZ2l2ZW5fbmFtZSI6IjE1NzgzMTAwMTQtMzc0NjYiLCJlbWFpbCI6IjE1KioqKioqKioqKioqKipAeW9wbWFpbC5jb20ifQ.JhEzOdpP9pzWqugpCTS50yI5noucqt6x0MYBwaS0-UDQjldCrvvqgf04NYxRGWIS4MSUzQlIbw5Pjk2h_IWmW2xTy7PuardxHzfCZ3ZVdr1eSnsyf7YHwZg_Q79NMU-D7JUtZm3MS_Jrb7VsUBLm0BWju0PtRIxHKdIf62xxgaXiSxmbUPX-Ql8Ql2CQDsu4N_v0WpuVFhlxrx7nUsngrSKfJxkyedVzpLRibRoiWgFQJCBLlWEoXWZohY1os1YVqP1rsR7rXnT-2BksL97zGBOROAfuoPWvwRj5CXTX03-sYsHrGqddjzCB6OapsJKnXlXVGrMh2uPusIIMJEYDCw,eyJhbGciOiJSUzI1NiIsImtpZCI6ImFjY2Vzc3YxX2tleTEwIn0.eyJwYXJlbnRJZCI6IjM5OTE0ZWNmLWNhNzYtNDU5Mi1iZGFkLTJkMTE0ZGQ2ZTgxNyIsInN1YiI6Ijc5OWIwOWJkLWViMmQtNGFkNC04MDNmLWY2ZThlM2UzNzcyOCIsImV4cCI6MTY1NTM3NTUzNCwiaWF0IjoxNTkyMzAzNTM0fQ.hMXl3iC0TmdyHRR_AXm-qlj8BfYc1vgEWfvoKaIpN4hwTtPlgEYapL7ImCv9vBs0tV0tjXmdg4NTukgTnA84wppmGNowWRkmkvz0qqN8qvist4OVoa8Yz2aiXOj54m4F1kq8tGHHA2kOCj43aeSApD2y10bCl87i_Mem95G2PdG5iDYBT8MaI5fE9BImlBwFQx8v55oMNDPNlBH_1AF5sAeyuYUDdhiIHLYSyU03qzL6LxI93LfCO7I1Uh4xDBwlF9mWBXG5vxRGV-HJOtaJaGB29mkab56oh0fJk9cp8rlwheDwUTpiAqb4rg3oa-izidCkAEOSTaghoGsRyiwn3Q
2eac6be5-2a9d-45c3-ac98-d2a85886d913,eyJhbGciOiJSUzI1NiIsInR5cCIgOiAiSldUIiwia2lkIiA6ICJOdHpmQVhtOVpvUVQwZUZoXzRZNmpJX2wycjNFS1k2ckJRcklMYzNPMjZnIn0.eyJqdGkiOiI0OWM1MDI3Yi1mZWNmLTQyNWYtYTU0My03N2JmYWY0ZDM0ZGEiLCJleHAiOjE1OTQ4OTU1MTEsIm5iZiI6MCwiaWF0IjoxNTkyMzAzNTExLCJpc3MiOiJodHRwczovL2xvYWR0ZXN0Lm50cC5uZXQuaW4vYXV0aC9yZWFsbXMvc3VuYmlyZCIsImF1ZCI6ImFkbWluLWNsaSIsInN1YiI6ImY6NTBmOTY3ZDQtYjlkYi00NTI4LTk1MGMtYjlmMDMzMmU2M2JhOjM5OTE0ZWNmLWNhNzYtNDU5Mi1iZGFkLTJkMTE0ZGQ2ZTgxNyIsInR5cCI6IkJlYXJlciIsImF6cCI6ImFkbWluLWNsaSIsImF1dGhfdGltZSI6MCwic2Vzc2lvbl9zdGF0ZSI6IjE0MDJhZTFmLWM1MTctNDBiNy05M2UxLWFiMTkzN2JiMmFiYSIsImFjciI6IjEiLCJhbGxvd2VkLW9yaWdpbnMiOltdLCJyZWFsbV9hY2Nlc3MiOnsicm9sZXMiOlsidW1hX2F1dGhvcml6YXRpb24iXX0sInJlc291cmNlX2FjY2VzcyI6e30sIm5hbWUiOiIxNTc4MzEwMDE0LTM3NDY2IiwicHJlZmVycmVkX3VzZXJuYW1lIjoiMTU3ODMxMDAxNC0zNzQ2Nl92NWt1IiwiZ2l2ZW5fbmFtZSI6IjE1NzgzMTAwMTQtMzc0NjYiLCJlbWFpbCI6IjE1KioqKioqKioqKioqKipAeW9wbWFpbC5jb20ifQ.JhEzOdpP9pzWqugpCTS50yI5noucqt6x0MYBwaS0-UDQjldCrvvqgf04NYxRGWIS4MSUzQlIbw5Pjk2h_IWmW2xTy7PuardxHzfCZ3ZVdr1eSnsyf7YHwZg_Q79NMU-D7JUtZm3MS_Jrb7VsUBLm0BWju0PtRIxHKdIf62xxgaXiSxmbUPX-Ql8Ql2CQDsu4N_v0WpuVFhlxrx7nUsngrSKfJxkyedVzpLRibRoiWgFQJCBLlWEoXWZohY1os1YVqP1rsR7rXnT-2BksL97zGBOROAfuoPWvwRj5CXTX03-sYsHrGqddjzCB6OapsJKnXlXVGrMh2uPusIIMJEYDCw,eyJhbGciOiJSUzI1NiIsImtpZCI6ImFjY2Vzc3YxX2tleTEwIn0.eyJwYXJlbnRJZCI6IjM5OTE0ZWNmLWNhNzYtNDU5Mi1iZGFkLTJkMTE0ZGQ2ZTgxNyIsInN1YiI6IjJlYWM2YmU1LTJhOWQtNDVjMy1hYzk4LWQyYTg1ODg2ZDkxMyIsImV4cCI6MTY1NTM3NTUzNCwiaWF0IjoxNTkyMzAzNTM0fQ.X1zqFdZLs49chFfXpO7-0M_ig4OBlRB_1G-hUnjC16m4FajiRKi3sK_7dGYqei0rd3g4RRaevFbyFu_yX1ua_AQgRnCwa4L6L9Huiybzvq8i4lq_bIqHnVjNluzG9vH-bmN-PBbFKctwBiDvVrcJdfHtsDPawmBJZ36A0eiocixRzbgw6AF0-lyUQcUjehyjFVxuVI7fEy8-dpwlRpfpEic0XCYRBS--Dn1m5IY9HCHiaRRWxqv5VVtMvqC1pz_HfS_l1NIq7JnCVYTEnZmaeDLLMzHxm28iCBs0FiKVPPHRMkhfJ887qC6T-WPcHJbvkNxwU200IjN9Iiyfqr83dw
909964d2-dd17-4f50-882f-3d6109575f10,eyJhbGciOiJSUzI1NiIsInR5cCIgOiAiSldUIiwia2lkIiA6ICJOdHpmQVhtOVpvUVQwZUZoXzRZNmpJX2wycjNFS1k2ckJRcklMYzNPMjZnIn0.eyJqdGkiOiI0OWM1MDI3Yi1mZWNmLTQyNWYtYTU0My03N2JmYWY0ZDM0ZGEiLCJleHAiOjE1OTQ4OTU1MTEsIm5iZiI6MCwiaWF0IjoxNTkyMzAzNTExLCJpc3MiOiJodHRwczovL2xvYWR0ZXN0Lm50cC5uZXQuaW4vYXV0aC9yZWFsbXMvc3VuYmlyZCIsImF1ZCI6ImFkbWluLWNsaSIsInN1YiI6ImY6NTBmOTY3ZDQtYjlkYi00NTI4LTk1MGMtYjlmMDMzMmU2M2JhOjM5OTE0ZWNmLWNhNzYtNDU5Mi1iZGFkLTJkMTE0ZGQ2ZTgxNyIsInR5cCI6IkJlYXJlciIsImF6cCI6ImFkbWluLWNsaSIsImF1dGhfdGltZSI6MCwic2Vzc2lvbl9zdGF0ZSI6IjE0MDJhZTFmLWM1MTctNDBiNy05M2UxLWFiMTkzN2JiMmFiYSIsImFjciI6IjEiLCJhbGxvd2VkLW9yaWdpbnMiOltdLCJyZWFsbV9hY2Nlc3MiOnsicm9sZXMiOlsidW1hX2F1dGhvcml6YXRpb24iXX0sInJlc291cmNlX2FjY2VzcyI6e30sIm5hbWUiOiIxNTc4MzEwMDE0LTM3NDY2IiwicHJlZmVycmVkX3VzZXJuYW1lIjoiMTU3ODMxMDAxNC0zNzQ2Nl92NWt1IiwiZ2l2ZW5fbmFtZSI6IjE1NzgzMTAwMTQtMzc0NjYiLCJlbWFpbCI6IjE1KioqKioqKioqKioqKipAeW9wbWFpbC5jb20ifQ.JhEzOdpP9pzWqugpCTS50yI5noucqt6x0MYBwaS0-UDQjldCrvvqgf04NYxRGWIS4MSUzQlIbw5Pjk2h_IWmW2xTy7PuardxHzfCZ3ZVdr1eSnsyf7YHwZg_Q79NMU-D7JUtZm3MS_Jrb7VsUBLm0BWju0PtRIxHKdIf62xxgaXiSxmbUPX-Ql8Ql2CQDsu4N_v0WpuVFhlxrx7nUsngrSKfJxkyedVzpLRibRoiWgFQJCBLlWEoXWZohY1os1YVqP1rsR7rXnT-2BksL97zGBOROAfuoPWvwRj5CXTX03-sYsHrGqddjzCB6OapsJKnXlXVGrMh2uPusIIMJEYDCw,eyJhbGciOiJSUzI1NiIsImtpZCI6ImFjY2Vzc3YxX2tleTEwIn0.eyJwYXJlbnRJZCI6IjM5OTE0ZWNmLWNhNzYtNDU5Mi1iZGFkLTJkMTE0ZGQ2ZTgxNyIsInN1YiI6IjkwOTk2NGQyLWRkMTctNGY1MC04ODJmLTNkNjEwOTU3NWYxMCIsImV4cCI6MTY1NTM3NTUzNCwiaWF0IjoxNTkyMzAzNTM0fQ.aFFUwCrZI0CFh7S7noACwGHREoOCCUfuVaUpJvCSdrdUl4_5iJi1UIuMjyFt4IsMjzPanSnyFd7wIHWI9qpF4FWxh8JO_MBv51Zrt6krnYyRVtfTgu2402KUgOQU4YKJo-yIKdpwxnd7kV_KD8B1_xq7pKmUyL84YwFFEhFb4MqD-ujA55TjLuaUT3TmKwPLB3iF7-2XV742GXg1P539pN5w88AZ44KQsI-S92-ykd_go2LRZJfJNmewrDrt1_wRJJzm_35ZVAwtbY2l3pnRdybgVJ1etpcoQ3MpOWkYOD3Xpfj7ohjKGVTCWcY5lIUvKzUEIRG4BcnMXz2vVQPCyQ
345c4fab-bd6a-4622-a604-bcb3b8bf0bcf,eyJhbGciOiJSUzI1NiIsInR5cCIgOiAiSldUIiwia2lkIiA6ICJOdHpmQVhtOVpvUVQwZUZoXzRZNmpJX2wycjNFS1k2ckJRcklMYzNPMjZnIn0.eyJqdGkiOiI0OWM1MDI3Yi1mZWNmLTQyNWYtYTU0My03N2JmYWY0ZDM0ZGEiLCJleHAiOjE1OTQ4OTU1MTEsIm5iZiI6MCwiaWF0IjoxNTkyMzAzNTExLCJpc3MiOiJodHRwczovL2xvYWR0ZXN0Lm50cC5uZXQuaW4vYXV0aC9yZWFsbXMvc3VuYmlyZCIsImF1ZCI6ImFkbWluLWNsaSIsInN1YiI6ImY6NTBmOTY3ZDQtYjlkYi00NTI4LTk1MGMtYjlmMDMzMmU2M2JhOjM5OTE0ZWNmLWNhNzYtNDU5Mi1iZGFkLTJkMTE0ZGQ2ZTgxNyIsInR5cCI6IkJlYXJlciIsImF6cCI6ImFkbWluLWNsaSIsImF1dGhfdGltZSI6MCwic2Vzc2lvbl9zdGF0ZSI6IjE0MDJhZTFmLWM1MTctNDBiNy05M2UxLWFiMTkzN2JiMmFiYSIsImFjciI6IjEiLCJhbGxvd2VkLW9yaWdpbnMiOltdLCJyZWFsbV9hY2Nlc3MiOnsicm9sZXMiOlsidW1hX2F1dGhvcml6YXRpb24iXX0sInJlc291cmNlX2FjY2VzcyI6e30sIm5hbWUiOiIxNTc4MzEwMDE0LTM3NDY2IiwicHJlZmVycmVkX3VzZXJuYW1lIjoiMTU3ODMxMDAxNC0zNzQ2Nl92NWt1IiwiZ2l2ZW5fbmFtZSI6IjE1NzgzMTAwMTQtMzc0NjYiLCJlbWFpbCI6IjE1KioqKioqKioqKioqKipAeW9wbWFpbC5jb20ifQ.JhEzOdpP9pzWqugpCTS50yI5noucqt6x0MYBwaS0-UDQjldCrvvqgf04NYxRGWIS4MSUzQlIbw5Pjk2h_IWmW2xTy7PuardxHzfCZ3ZVdr1eSnsyf7YHwZg_Q79NMU-D7JUtZm3MS_Jrb7VsUBLm0BWju0PtRIxHKdIf62xxgaXiSxmbUPX-Ql8Ql2CQDsu4N_v0WpuVFhlxrx7nUsngrSKfJxkyedVzpLRibRoiWgFQJCBLlWEoXWZohY1os1YVqP1rsR7rXnT-2BksL97zGBOROAfuoPWvwRj5CXTX03-sYsHrGqddjzCB6OapsJKnXlXVGrMh2uPusIIMJEYDCw,eyJhbGciOiJSUzI1NiIsImtpZCI6ImFjY2Vzc3YxX2tleTEwIn0.eyJwYXJlbnRJZCI6IjM5OTE0ZWNmLWNhNzYtNDU5Mi1iZGFkLTJkMTE0ZGQ2ZTgxNyIsInN1YiI6IjM0NWM0ZmFiLWJkNmEtNDYyMi1hNjA0LWJjYjNiOGJmMGJjZiIsImV4cCI6MTY1NTM3NTUzNCwiaWF0IjoxNTkyMzAzNTM0fQ.vQ7q3QVwuMrkE9mQYLvYozE2PYpq1aoHjZQsCmhKQR_hSErhD__X90JgwXbgD9nmfkDfL_50PPXhv1ga5ku2RLk3TxypoPo12utDd-qLoZ5dTAm8vZJlnSkj_b3P3ZvkevWD9b6KQAax6qEdbIg90SXDXdD1L-K4XR9m4goGBD9tEfS6x3xnnLVFdWdIQAduFeK3LIrnImf0SmUQrrR6wJ8jsxahWbag_oJ9gf6zeXXSfrFSwOxHOAqb-QooHWCnpu0sdCDlcmv9a5jS5lFwIQYSTksWeJd7esOxNs6LjnWqSxQgcXGYzwlqkq45D6eMJWwacYGxn9pe_iBULri5XQ
57e9e5f0-2a67-41c6-b582-f602e0a0d04d,eyJhbGciOiJSUzI1NiIsInR5cCIgOiAiSldUIiwia2lkIiA6ICJOdHpmQVhtOVpvUVQwZUZoXzRZNmpJX2wycjNFS1k2ckJRcklMYzNPMjZnIn0.eyJqdGkiOiI0OWM1MDI3Yi1mZWNmLTQyNWYtYTU0My03N2JmYWY0ZDM0ZGEiLCJleHAiOjE1OTQ4OTU1MTEsIm5iZiI6MCwiaWF0IjoxNTkyMzAzNTExLCJpc3MiOiJodHRwczovL2xvYWR0ZXN0Lm50cC5uZXQuaW4vYXV0aC9yZWFsbXMvc3VuYmlyZCIsImF1ZCI6ImFkbWluLWNsaSIsInN1YiI6ImY6NTBmOTY3ZDQtYjlkYi00NTI4LTk1MGMtYjlmMDMzMmU2M2JhOjM5OTE0ZWNmLWNhNzYtNDU5Mi1iZGFkLTJkMTE0ZGQ2ZTgxNyIsInR5cCI6IkJlYXJlciIsImF6cCI6ImFkbWluLWNsaSIsImF1dGhfdGltZSI6MCwic2Vzc2lvbl9zdGF0ZSI6IjE0MDJhZTFmLWM1MTctNDBiNy05M2UxLWFiMTkzN2JiMmFiYSIsImFjciI6IjEiLCJhbGxvd2VkLW9yaWdpbnMiOltdLCJyZWFsbV9hY2Nlc3MiOnsicm9sZXMiOlsidW1hX2F1dGhvcml6YXRpb24iXX0sInJlc291cmNlX2FjY2VzcyI6e30sIm5hbWUiOiIxNTc4MzEwMDE0LTM3NDY2IiwicHJlZmVycmVkX3VzZXJuYW1lIjoiMTU3ODMxMDAxNC0zNzQ2Nl92NWt1IiwiZ2l2ZW5fbmFtZSI6IjE1NzgzMTAwMTQtMzc0NjYiLCJlbWFpbCI6IjE1KioqKioqKioqKioqKipAeW9wbWFpbC5jb20ifQ.JhEzOdpP9pzWqugpCTS50yI5noucqt6x0MYBwaS0-UDQjldCrvvqgf04NYxRGWIS4MSUzQlIbw5Pjk2h_IWmW2xTy7PuardxHzfCZ3ZVdr1eSnsyf7YHwZg_Q79NMU-D7JUtZm3MS_Jrb7VsUBLm0BWju0PtRIxHKdIf62xxgaXiSxmbUPX-Ql8Ql2CQDsu4N_v0WpuVFhlxrx7nUsngrSKfJxkyedVzpLRibRoiWgFQJCBLlWEoXWZohY1os1YVqP1rsR7rXnT-2BksL97zGBOROAfuoPWvwRj5CXTX03-sYsHrGqddjzCB6OapsJKnXlXVGrMh2uPusIIMJEYDCw,eyJhbGciOiJSUzI1NiIsImtpZCI6ImFjY2Vzc3YxX2tleTEwIn0.eyJwYXJlbnRJZCI6IjM5OTE0ZWNmLWNhNzYtNDU5Mi1iZGFkLTJkMTE0ZGQ2ZTgxNyIsInN1YiI6IjU3ZTllNWYwLTJhNjctNDFjNi1iNTgyLWY2MDJlMGEwZDA0ZCIsImV4cCI6MTY1NTM3NTUzNCwiaWF0IjoxNTkyMzAzNTM0fQ.M9ivu58YpnbuxPLgO-n8FjlbK9c3OUP52huiT2H0F7-1t4gvVJekYEU1SRvohEAT-y0OG0QFYc9rJJex-oBow_1CJbgDNBH0ororf7W8lEQp4b8R0QhFtyfDE0z46UqRT27j5ZrFgkLJ14gKjZbvrZDoJg5YKHMSkyHpg4LlSROyFvP6KREs5gxYlU9Dvd1tO0_RGaQkULem2MewntT8ZL1gdKcj_kAcInyRcqlUk6dYWoNqU5i6Ke5ZKUgsU3G9ioEmwxgU5hXV0qZ-dDm-UlQX-yjP4K4oWox6uGII2hI-L6qPCllwxzw7TAbVuEgGh95Pdd-FBufhRc-yFSsuzg
2c36c7b7-0f69-46e1-b015-3f366cfe79c7,eyJhbGciOiJSUzI1NiIsInR5cCIgOiAiSldUIiwia2lkIiA6ICJOdHpmQVhtOVpvUVQwZUZoXzRZNmpJX2wycjNFS1k2ckJRcklMYzNPMjZnIn0.eyJqdGkiOiI0OWM1MDI3Yi1mZWNmLTQyNWYtYTU0My03N2JmYWY0ZDM0ZGEiLCJleHAiOjE1OTQ4OTU1MTEsIm5iZiI6MCwiaWF0IjoxNTkyMzAzNTExLCJpc3MiOiJodHRwczovL2xvYWR0ZXN0Lm50cC5uZXQuaW4vYXV0aC9yZWFsbXMvc3VuYmlyZCIsImF1ZCI6ImFkbWluLWNsaSIsInN1YiI6ImY6NTBmOTY3ZDQtYjlkYi00NTI4LTk1MGMtYjlmMDMzMmU2M2JhOjM5OTE0ZWNmLWNhNzYtNDU5Mi1iZGFkLTJkMTE0ZGQ2ZTgxNyIsInR5cCI6IkJlYXJlciIsImF6cCI6ImFkbWluLWNsaSIsImF1dGhfdGltZSI6MCwic2Vzc2lvbl9zdGF0ZSI6IjE0MDJhZTFmLWM1MTctNDBiNy05M2UxLWFiMTkzN2JiMmFiYSIsImFjciI6IjEiLCJhbGxvd2VkLW9yaWdpbnMiOltdLCJyZWFsbV9hY2Nlc3MiOnsicm9sZXMiOlsidW1hX2F1dGhvcml6YXRpb24iXX0sInJlc291cmNlX2FjY2VzcyI6e30sIm5hbWUiOiIxNTc4MzEwMDE0LTM3NDY2IiwicHJlZmVycmVkX3VzZXJuYW1lIjoiMTU3ODMxMDAxNC0zNzQ2Nl92NWt1IiwiZ2l2ZW5fbmFtZSI6IjE1NzgzMTAwMTQtMzc0NjYiLCJlbWFpbCI6IjE1KioqKioqKioqKioqKipAeW9wbWFpbC5jb20ifQ.JhEzOdpP9pzWqugpCTS50yI5noucqt6x0MYBwaS0-UDQjldCrvvqgf04NYxRGWIS4MSUzQlIbw5Pjk2h_IWmW2xTy7PuardxHzfCZ3ZVdr1eSnsyf7YHwZg_Q79NMU-D7JUtZm3MS_Jrb7VsUBLm0BWju0PtRIxHKdIf62xxgaXiSxmbUPX-Ql8Ql2CQDsu4N_v0WpuVFhlxrx7nUsngrSKfJxkyedVzpLRibRoiWgFQJCBLlWEoXWZohY1os1YVqP1rsR7rXnT-2BksL97zGBOROAfuoPWvwRj5CXTX03-sYsHrGqddjzCB6OapsJKnXlXVGrMh2uPusIIMJEYDCw,eyJhbGciOiJSUzI1NiIsImtpZCI6ImFjY2Vzc3YxX2tleTEwIn0.eyJwYXJlbnRJZCI6IjM5OTE0ZWNmLWNhNzYtNDU5Mi1iZGFkLTJkMTE0ZGQ2ZTgxNyIsInN1YiI6IjJjMzZjN2I3LTBmNjktNDZlMS1iMDE1LTNmMzY2Y2ZlNzljNyIsImV4cCI6MTY1NTM3NTUzNCwiaWF0IjoxNTkyMzAzNTM0fQ.qS64JNo8TmOxNd2jkTJIhLlQTJ5p3NMOVZdjw0V-hLJ1uzc9KEfwnJQUV7YRQDkQj9-TSgxnEp7Mh0RG2lZg_d4kdQJiTYHw6lubp995-3xvsO6PONy9s10O_6EVyktDI9bYJRR3q-a5l69_l3e5nFmnys7qYVmO2YufXwALOJlmU8qpN_MEAATEriCboNkegepw4GvfAv1-dE55sdiqH0rsID8Pn9TbgRPwPG233Y8fxb5vAV0nDX1pO7n4dpThqVYHu79i3trWXU6tzlY1iPR6G6ri98ko4Nv5LnQvEvaCjXunjcrR_vT61OrfcIATa3VEEtw3cqRPcNzscShq4A
45cdb8cb-72c7-435d-a93d-f2bfdec8abcf,eyJhbGciOiJSUzI1NiIsInR5cCIgOiAiSldUIiwia2lkIiA6ICJOdHpmQVhtOVpvUVQwZUZoXzRZNmpJX2wycjNFS1k2ckJRcklMYzNPMjZnIn0.eyJqdGkiOiI0OWM1MDI3Yi1mZWNmLTQyNWYtYTU0My03N2JmYWY0ZDM0ZGEiLCJleHAiOjE1OTQ4OTU1MTEsIm5iZiI6MCwiaWF0IjoxNTkyMzAzNTExLCJpc3MiOiJodHRwczovL2xvYWR0ZXN0Lm50cC5uZXQuaW4vYXV0aC9yZWFsbXMvc3VuYmlyZCIsImF1ZCI6ImFkbWluLWNsaSIsInN1YiI6ImY6NTBmOTY3ZDQtYjlkYi00NTI4LTk1MGMtYjlmMDMzMmU2M2JhOjM5OTE0ZWNmLWNhNzYtNDU5Mi1iZGFkLTJkMTE0ZGQ2ZTgxNyIsInR5cCI6IkJlYXJlciIsImF6cCI6ImFkbWluLWNsaSIsImF1dGhfdGltZSI6MCwic2Vzc2lvbl9zdGF0ZSI6IjE0MDJhZTFmLWM1MTctNDBiNy05M2UxLWFiMTkzN2JiMmFiYSIsImFjciI6IjEiLCJhbGxvd2VkLW9yaWdpbnMiOltdLCJyZWFsbV9hY2Nlc3MiOnsicm9sZXMiOlsidW1hX2F1dGhvcml6YXRpb24iXX0sInJlc291cmNlX2FjY2VzcyI6e30sIm5hbWUiOiIxNTc4MzEwMDE0LTM3NDY2IiwicHJlZmVycmVkX3VzZXJuYW1lIjoiMTU3ODMxMDAxNC0zNzQ2Nl92NWt1IiwiZ2l2ZW5fbmFtZSI6IjE1NzgzMTAwMTQtMzc0NjYiLCJlbWFpbCI6IjE1KioqKioqKioqKioqKipAeW9wbWFpbC5jb20ifQ.JhEzOdpP9pzWqugpCTS50yI5noucqt6x0MYBwaS0-UDQjldCrvvqgf04NYxRGWIS4MSUzQlIbw5Pjk2h_IWmW2xTy7PuardxHzfCZ3ZVdr1eSnsyf7YHwZg_Q79NMU-D7JUtZm3MS_Jrb7VsUBLm0BWju0PtRIxHKdIf62xxgaXiSxmbUPX-Ql8Ql2CQDsu4N_v0WpuVFhlxrx7nUsngrSKfJxkyedVzpLRibRoiWgFQJCBLlWEoXWZohY1os1YVqP1rsR7rXnT-2BksL97zGBOROAfuoPWvwRj5CXTX03-sYsHrGqddjzCB6OapsJKnXlXVGrMh2uPusIIMJEYDCw,eyJhbGciOiJSUzI1NiIsImtpZCI6ImFjY2Vzc3YxX2tleTEwIn0.eyJwYXJlbnRJZCI6IjM5OTE0ZWNmLWNhNzYtNDU5Mi1iZGFkLTJkMTE0ZGQ2ZTgxNyIsInN1YiI6IjQ1Y2RiOGNiLTcyYzctNDM1ZC1hOTNkLWYyYmZkZWM4YWJjZiIsImV4cCI6MTY1NTM3NTUzNCwiaWF0IjoxNTkyMzAzNTM0fQ.TlHUzGefrlcEF-i9yegYYAGtt2zWcC1dryhQyaZiKzuR6L1-Pc6_OX4yImFEPFM_nIM8vaJznazVi6WD_nRBVBeJOUuvaLLDvzO_TN0tN93a00HdPTT4Lwpw2OBjvN7qmNkmbcraKpD2xu2M3j20sJflsdMmtwoqCRmwYbEEaHbJQ79trxf2MA3fNYEjGSj1qWNoIovz5Ol8Nra8jGdJ3A9IIIw700Mm9RTlTuF6AQm7mqaL1LiX0uMJnzdStheEZHLpyP9Wqew7mkiqUZpBU7CkCG_jclo0PQriVWDKf2VXWMJcFxc_GkA1QA0d_qsbWPa7sMjgs0txkHbjzOv7Vg
81541a73-639b-4f79-a889-871e69c4e269,eyJhbGciOiJSUzI1NiIsInR5cCIgOiAiSldUIiwia2lkIiA6ICJOdHpmQVhtOVpvUVQwZUZoXzRZNmpJX2wycjNFS1k2ckJRcklMYzNPMjZnIn0.eyJqdGkiOiI0OWM1MDI3Yi1mZWNmLTQyNWYtYTU0My03N2JmYWY0ZDM0ZGEiLCJleHAiOjE1OTQ4OTU1MTEsIm5iZiI6MCwiaWF0IjoxNTkyMzAzNTExLCJpc3MiOiJodHRwczovL2xvYWR0ZXN0Lm50cC5uZXQuaW4vYXV0aC9yZWFsbXMvc3VuYmlyZCIsImF1ZCI6ImFkbWluLWNsaSIsInN1YiI6ImY6NTBmOTY3ZDQtYjlkYi00NTI4LTk1MGMtYjlmMDMzMmU2M2JhOjM5OTE0ZWNmLWNhNzYtNDU5Mi1iZGFkLTJkMTE0ZGQ2ZTgxNyIsInR5cCI6IkJlYXJlciIsImF6cCI6ImFkbWluLWNsaSIsImF1dGhfdGltZSI6MCwic2Vzc2lvbl9zdGF0ZSI6IjE0MDJhZTFmLWM1MTctNDBiNy05M2UxLWFiMTkzN2JiMmFiYSIsImFjciI6IjEiLCJhbGxvd2VkLW9yaWdpbnMiOltdLCJyZWFsbV9hY2Nlc3MiOnsicm9sZXMiOlsidW1hX2F1dGhvcml6YXRpb24iXX0sInJlc291cmNlX2FjY2VzcyI6e30sIm5hbWUiOiIxNTc4MzEwMDE0LTM3NDY2IiwicHJlZmVycmVkX3VzZXJuYW1lIjoiMTU3ODMxMDAxNC0zNzQ2Nl92NWt1IiwiZ2l2ZW5fbmFtZSI6IjE1NzgzMTAwMTQtMzc0NjYiLCJlbWFpbCI6IjE1KioqKioqKioqKioqKipAeW9wbWFpbC5jb20ifQ.JhEzOdpP9pzWqugpCTS50yI5noucqt6x0MYBwaS0-UDQjldCrvvqgf04NYxRGWIS4MSUzQlIbw5Pjk2h_IWmW2xTy7PuardxHzfCZ3ZVdr1eSnsyf7YHwZg_Q79NMU-D7JUtZm3MS_Jrb7VsUBLm0BWju0PtRIxHKdIf62xxgaXiSxmbUPX-Ql8Ql2CQDsu4N_v0WpuVFhlxrx7nUsngrSKfJxkyedVzpLRibRoiWgFQJCBLlWEoXWZohY1os1YVqP1rsR7rXnT-2BksL97zGBOROAfuoPWvwRj5CXTX03-sYsHrGqddjzCB6OapsJKnXlXVGrMh2uPusIIMJEYDCw,eyJhbGciOiJSUzI1NiIsImtpZCI6ImFjY2Vzc3YxX2tleTEwIn0.eyJwYXJlbnRJZCI6IjM5OTE0ZWNmLWNhNzYtNDU5Mi1iZGFkLTJkMTE0ZGQ2ZTgxNyIsInN1YiI6IjgxNTQxYTczLTYzOWItNGY3OS1hODg5LTg3MWU2OWM0ZTI2OSIsImV4cCI6MTY1NTM3NTUzNCwiaWF0IjoxNTkyMzAzNTM0fQ.ogdYrORqGBCkXVbr666DL4iY-carqKwtOQ-hvS8A1SR8vz5_buvroUzkcj1Gg9xAPXd4pkjMgfQee7WRPYjeBDFp4ROkWlM6ppzspHEX1WTbWhAFBn5a0ea3x_0Nwyvvq04MeG6Q5Jf3mjeOpw2kV8jUGmHTSDE8xRDT_hf9TFfHQ7Y6dF3h3TIdJMs2ZKuBlpo8qnBD71usVvusHe5NJ3J9U_Mlh-uaLs_ScPmjSfUTG1DlC5bDHcu8gHLCjsEIt3DZ6EgaBEV7l1Sa6nnJpcN4HOIKgqjjPVBh_SjLmDi9T8K9ZbzzHewJOmdKEDSqCP47esmld4nGptLWmTJDCg
a2f44d51-7c39-46c5-8184-a890a9df0d7e,eyJhbGciOiJSUzI1NiIsInR5cCIgOiAiSldUIiwia2lkIiA6ICJOdHpmQVhtOVpvUVQwZUZoXzRZNmpJX2wycjNFS1k2ckJRcklMYzNPMjZnIn0.eyJqdGkiOiI0OWM1MDI3Yi1mZWNmLTQyNWYtYTU0My03N2JmYWY0ZDM0ZGEiLCJleHAiOjE1OTQ4OTU1MTEsIm5iZiI6MCwiaWF0IjoxNTkyMzAzNTExLCJpc3MiOiJodHRwczovL2xvYWR0ZXN0Lm50cC5uZXQuaW4vYXV0aC9yZWFsbXMvc3VuYmlyZCIsImF1ZCI6ImFkbWluLWNsaSIsInN1YiI6ImY6NTBmOTY3ZDQtYjlkYi00NTI4LTk1MGMtYjlmMDMzMmU2M2JhOjM5OTE0ZWNmLWNhNzYtNDU5Mi1iZGFkLTJkMTE0ZGQ2ZTgxNyIsInR5cCI6IkJlYXJlciIsImF6cCI6ImFkbWluLWNsaSIsImF1dGhfdGltZSI6MCwic2Vzc2lvbl9zdGF0ZSI6IjE0MDJhZTFmLWM1MTctNDBiNy05M2UxLWFiMTkzN2JiMmFiYSIsImFjciI6IjEiLCJhbGxvd2VkLW9yaWdpbnMiOltdLCJyZWFsbV9hY2Nlc3MiOnsicm9sZXMiOlsidW1hX2F1dGhvcml6YXRpb24iXX0sInJlc291cmNlX2FjY2VzcyI6e30sIm5hbWUiOiIxNTc4MzEwMDE0LTM3NDY2IiwicHJlZmVycmVkX3VzZXJuYW1lIjoiMTU3ODMxMDAxNC0zNzQ2Nl92NWt1IiwiZ2l2ZW5fbmFtZSI6IjE1NzgzMTAwMTQtMzc0NjYiLCJlbWFpbCI6IjE1KioqKioqKioqKioqKipAeW9wbWFpbC5jb20ifQ.JhEzOdpP9pzWqugpCTS50yI5noucqt6x0MYBwaS0-UDQjldCrvvqgf04NYxRGWIS4MSUzQlIbw5Pjk2h_IWmW2xTy7PuardxHzfCZ3ZVdr1eSnsyf7YHwZg_Q79NMU-D7JUtZm3MS_Jrb7VsUBLm0BWju0PtRIxHKdIf62xxgaXiSxmbUPX-Ql8Ql2CQDsu4N_v0WpuVFhlxrx7nUsngrSKfJxkyedVzpLRibRoiWgFQJCBLlWEoXWZohY1os1YVqP1rsR7rXnT-2BksL97zGBOROAfuoPWvwRj5CXTX03-sYsHrGqddjzCB6OapsJKnXlXVGrMh2uPusIIMJEYDCw,eyJhbGciOiJSUzI1NiIsImtpZCI6ImFjY2Vzc3YxX2tleTEwIn0.eyJwYXJlbnRJZCI6IjM5OTE0ZWNmLWNhNzYtNDU5Mi1iZGFkLTJkMTE0ZGQ2ZTgxNyIsInN1YiI6ImEyZjQ0ZDUxLTdjMzktNDZjNS04MTg0LWE4OTBhOWRmMGQ3ZSIsImV4cCI6MTY1NTM3NTUzNCwiaWF0IjoxNTkyMzAzNTM0fQ.lkihvMFl7_jNuvoZSbPHlPfeCS3jM8hBfeMqmHwxktZApDSielWS8wtAYOcWPzCigiPOslcDh6S0TEq-imPEcZG_h9II1Cx0KrY-WdC2AfnMoemeIsrCLvjDQbMUr_ADw-C9AttEoauQiKSVgydsBkhrjaYPyvP4dLr3sh-G461_SK7t-9PwEcyy85U7JsVIB6VmfISHPpndsH9OBivGVQmVW92VsvMX9N-jmhd-g9yVcCBkea8XYWQzb1YqgGZsG4JNExlgJ-QVzUkkd9DgC6LV2432iRjcAhRysGLcU-IVP5Bv1n4ru21Grhi88gLxRw-beQ9UyL4QaKrApa7kkw
38a02517-d489-475e-8c3c-c23bbffa9a91,eyJhbGciOiJSUzI1NiIsInR5cCIgOiAiSldUIiwia2lkIiA6ICJOdHpmQVhtOVpvUVQwZUZoXzRZNmpJX2wycjNFS1k2ckJRcklMYzNPMjZnIn0.eyJqdGkiOiI0OWM1MDI3Yi1mZWNmLTQyNWYtYTU0My03N2JmYWY0ZDM0ZGEiLCJleHAiOjE1OTQ4OTU1MTEsIm5iZiI6MCwiaWF0IjoxNTkyMzAzNTExLCJpc3MiOiJodHRwczovL2xvYWR0ZXN0Lm50cC5uZXQuaW4vYXV0aC9yZWFsbXMvc3VuYmlyZCIsImF1ZCI6ImFkbWluLWNsaSIsInN1YiI6ImY6NTBmOTY3ZDQtYjlkYi00NTI4LTk1MGMtYjlmMDMzMmU2M2JhOjM5OTE0ZWNmLWNhNzYtNDU5Mi1iZGFkLTJkMTE0ZGQ2ZTgxNyIsInR5cCI6IkJlYXJlciIsImF6cCI6ImFkbWluLWNsaSIsImF1dGhfdGltZSI6MCwic2Vzc2lvbl9zdGF0ZSI6IjE0MDJhZTFmLWM1MTctNDBiNy05M2UxLWFiMTkzN2JiMmFiYSIsImFjciI6IjEiLCJhbGxvd2VkLW9yaWdpbnMiOltdLCJyZWFsbV9hY2Nlc3MiOnsicm9sZXMiOlsidW1hX2F1dGhvcml6YXRpb24iXX0sInJlc291cmNlX2FjY2VzcyI6e30sIm5hbWUiOiIxNTc4MzEwMDE0LTM3NDY2IiwicHJlZmVycmVkX3VzZXJuYW1lIjoiMTU3ODMxMDAxNC0zNzQ2Nl92NWt1IiwiZ2l2ZW5fbmFtZSI6IjE1NzgzMTAwMTQtMzc0NjYiLCJlbWFpbCI6IjE1KioqKioqKioqKioqKipAeW9wbWFpbC5jb20ifQ.JhEzOdpP9pzWqugpCTS50yI5noucqt6x0MYBwaS0-UDQjldCrvvqgf04NYxRGWIS4MSUzQlIbw5Pjk2h_IWmW2xTy7PuardxHzfCZ3ZVdr1eSnsyf7YHwZg_Q79NMU-D7JUtZm3MS_Jrb7VsUBLm0BWju0PtRIxHKdIf62xxgaXiSxmbUPX-Ql8Ql2CQDsu4N_v0WpuVFhlxrx7nUsngrSKfJxkyedVzpLRibRoiWgFQJCBLlWEoXWZohY1os1YVqP1rsR7rXnT-2BksL97zGBOROAfuoPWvwRj5CXTX03-sYsHrGqddjzCB6OapsJKnXlXVGrMh2uPusIIMJEYDCw,eyJhbGciOiJSUzI1NiIsImtpZCI6ImFjY2Vzc3YxX2tleTEwIn0.eyJwYXJlbnRJZCI6IjM5OTE0ZWNmLWNhNzYtNDU5Mi1iZGFkLTJkMTE0ZGQ2ZTgxNyIsInN1YiI6IjM4YTAyNTE3LWQ0ODktNDc1ZS04YzNjLWMyM2JiZmZhOWE5MSIsImV4cCI6MTY1NTM3NTUzNCwiaWF0IjoxNTkyMzAzNTM0fQ.RVxxJUR8SZgKUdi5vd1E3lVLbA6mwHV1pOR15TiBrH29BnpUpjvgSh5rBaO06r27hk-q7jBDM_puf6Vosg6djn5zdI0iPetLCeoAj_sP6YBMQSjIvUuy6wR2QgbtALk5El8pENAxjN8tPxX8zBbUuUmaKOgt4eoVfsUN9NYHfyIlQrJVgBrd_lql9QOKNwq-i-WGtw1vxI8GZ4G--_xLLZSOnLo28ZaRwKDnStfCaIDQTyECY3CBwD24HKqu0WVmU1FKBBzEHekKKgUfBbPPj8eRou04-crMzvOjM_xd6J0imdreZ-RBxAr7CR-l4-aNZgNP41Pwa9rwRDAwHwXhjg
7f35292c-078c-4e9e-9a0e-0bd6216a1058,eyJhbGciOiJSUzI1NiIsInR5cCIgOiAiSldUIiwia2lkIiA6ICJOdHpmQVhtOVpvUVQwZUZoXzRZNmpJX2wycjNFS1k2ckJRcklMYzNPMjZnIn0.eyJqdGkiOiI0OWM1MDI3Yi1mZWNmLTQyNWYtYTU0My03N2JmYWY0ZDM0ZGEiLCJleHAiOjE1OTQ4OTU1MTEsIm5iZiI6MCwiaWF0IjoxNTkyMzAzNTExLCJpc3MiOiJodHRwczovL2xvYWR0ZXN0Lm50cC5uZXQuaW4vYXV0aC9yZWFsbXMvc3VuYmlyZCIsImF1ZCI6ImFkbWluLWNsaSIsInN1YiI6ImY6NTBmOTY3ZDQtYjlkYi00NTI4LTk1MGMtYjlmMDMzMmU2M2JhOjM5OTE0ZWNmLWNhNzYtNDU5Mi1iZGFkLTJkMTE0ZGQ2ZTgxNyIsInR5cCI6IkJlYXJlciIsImF6cCI6ImFkbWluLWNsaSIsImF1dGhfdGltZSI6MCwic2Vzc2lvbl9zdGF0ZSI6IjE0MDJhZTFmLWM1MTctNDBiNy05M2UxLWFiMTkzN2JiMmFiYSIsImFjciI6IjEiLCJhbGxvd2VkLW9yaWdpbnMiOltdLCJyZWFsbV9hY2Nlc3MiOnsicm9sZXMiOlsidW1hX2F1dGhvcml6YXRpb24iXX0sInJlc291cmNlX2FjY2VzcyI6e30sIm5hbWUiOiIxNTc4MzEwMDE0LTM3NDY2IiwicHJlZmVycmVkX3VzZXJuYW1lIjoiMTU3ODMxMDAxNC0zNzQ2Nl92NWt1IiwiZ2l2ZW5fbmFtZSI6IjE1NzgzMTAwMTQtMzc0NjYiLCJlbWFpbCI6IjE1KioqKioqKioqKioqKipAeW9wbWFpbC5jb20ifQ.JhEzOdpP9pzWqugpCTS50yI5noucqt6x0MYBwaS0-UDQjldCrvvqgf04NYxRGWIS4MSUzQlIbw5Pjk2h_IWmW2xTy7PuardxHzfCZ3ZVdr1eSnsyf7YHwZg_Q79NMU-D7JUtZm3MS_Jrb7VsUBLm0BWju0PtRIxHKdIf62xxgaXiSxmbUPX-Ql8Ql2CQDsu4N_v0WpuVFhlxrx7nUsngrSKfJxkyedVzpLRibRoiWgFQJCBLlWEoXWZohY1os1YVqP1rsR7rXnT-2BksL97zGBOROAfuoPWvwRj5CXTX03-sYsHrGqddjzCB6OapsJKnXlXVGrMh2uPusIIMJEYDCw,eyJhbGciOiJSUzI1NiIsImtpZCI6ImFjY2Vzc3YxX2tleTEwIn0.eyJwYXJlbnRJZCI6IjM5OTE0ZWNmLWNhNzYtNDU5Mi1iZGFkLTJkMTE0ZGQ2ZTgxNyIsInN1YiI6IjdmMzUyOTJjLTA3OGMtNGU5ZS05YTBlLTBiZDYyMTZhMTA1OCIsImV4cCI6MTY1NTM3NTUzNCwiaWF0IjoxNTkyMzAzNTM0fQ.gsHAcuQhHPVc2-4-sYVhukPZuaRQSQi5Lzx_Ym3OvRnvIOSbM9zRkPao11Z-C5Tr8-WQWKtznPMTDt8b-C3_riYIHHpLOAEclkqJt0QrH-XadJ4u0QUjudM9O4DhMjZCGak0SFloUr-U4kwbNPhLoe2jQbYJHB4apCmlAeuYWjmwp9xGQWol79VQV3rA4ZhCU5JM8BlOY0lM3cAzLCjeuYBndSoKie2aKIIwJszpnmD9jYSdAyvi2lqMAUf8WLGx35HFdkS9mcikZt02dIgGvJq0LUOVo-07YSxaX7PQrlOY_IUE8xaCIdsrGJoRoffj9xOWw6E3ETs_uu1o8naHGA
7dc72f15-8902-4754-a6dc-6be75ffcbab1,eyJhbGciOiJSUzI1NiIsInR5cCIgOiAiSldUIiwia2lkIiA6ICJOdHpmQVhtOVpvUVQwZUZoXzRZNmpJX2wycjNFS1k2ckJRcklMYzNPMjZnIn0.eyJqdGkiOiI0OWM1MDI3Yi1mZWNmLTQyNWYtYTU0My03N2JmYWY0ZDM0ZGEiLCJleHAiOjE1OTQ4OTU1MTEsIm5iZiI6MCwiaWF0IjoxNTkyMzAzNTExLCJpc3MiOiJodHRwczovL2xvYWR0ZXN0Lm50cC5uZXQuaW4vYXV0aC9yZWFsbXMvc3VuYmlyZCIsImF1ZCI6ImFkbWluLWNsaSIsInN1YiI6ImY6NTBmOTY3ZDQtYjlkYi00NTI4LTk1MGMtYjlmMDMzMmU2M2JhOjM5OTE0ZWNmLWNhNzYtNDU5Mi1iZGFkLTJkMTE0ZGQ2ZTgxNyIsInR5cCI6IkJlYXJlciIsImF6cCI6ImFkbWluLWNsaSIsImF1dGhfdGltZSI6MCwic2Vzc2lvbl9zdGF0ZSI6IjE0MDJhZTFmLWM1MTctNDBiNy05M2UxLWFiMTkzN2JiMmFiYSIsImFjciI6IjEiLCJhbGxvd2VkLW9yaWdpbnMiOltdLCJyZWFsbV9hY2Nlc3MiOnsicm9sZXMiOlsidW1hX2F1dGhvcml6YXRpb24iXX0sInJlc291cmNlX2FjY2VzcyI6e30sIm5hbWUiOiIxNTc4MzEwMDE0LTM3NDY2IiwicHJlZmVycmVkX3VzZXJuYW1lIjoiMTU3ODMxMDAxNC0zNzQ2Nl92NWt1IiwiZ2l2ZW5fbmFtZSI6IjE1NzgzMTAwMTQtMzc0NjYiLCJlbWFpbCI6IjE1KioqKioqKioqKioqKipAeW9wbWFpbC5jb20ifQ.JhEzOdpP9pzWqugpCTS50yI5noucqt6x0MYBwaS0-UDQjldCrvvqgf04NYxRGWIS4MSUzQlIbw5Pjk2h_IWmW2xTy7PuardxHzfCZ3ZVdr1eSnsyf7YHwZg_Q79NMU-D7JUtZm3MS_Jrb7VsUBLm0BWju0PtRIxHKdIf62xxgaXiSxmbUPX-Ql8Ql2CQDsu4N_v0WpuVFhlxrx7nUsngrSKfJxkyedVzpLRibRoiWgFQJCBLlWEoXWZohY1os1YVqP1rsR7rXnT-2BksL97zGBOROAfuoPWvwRj5CXTX03-sYsHrGqddjzCB6OapsJKnXlXVGrMh2uPusIIMJEYDCw,eyJhbGciOiJSUzI1NiIsImtpZCI6ImFjY2Vzc3YxX2tleTEwIn0.eyJwYXJlbnRJZCI6IjM5OTE0ZWNmLWNhNzYtNDU5Mi1iZGFkLTJkMTE0ZGQ2ZTgxNyIsInN1YiI6IjdkYzcyZjE1LTg5MDItNDc1NC1hNmRjLTZiZTc1ZmZjYmFiMSIsImV4cCI6MTY1NTM3NTUzNCwiaWF0IjoxNTkyMzAzNTM0fQ.m5nVCk1UMf_J65YdkF1IGwyVl4U9VT3dNMvdXGNxN43s8A9A71RsTBAmI9FZvdl2Q7k14S-QW3tbyC9vN2SK2EWxvIfxL2hWTWAoRTuJWSEGLyGqXY3wVPVbSRu7XQCIc48JHcBoNvOjFs6XS9Xx-R6M1FrC0BnISfqtRaS3vu-zFXS-Y-DPmuj4Qus7Xl5WQPej4EjdHIdcKIWXoZG9G9zCdr3BachZEL7NMIDqvocVXc5knN5FdGi-mI34Sf2urJ8gxfSUoQW6PBd9Fb7RYXbmh5k2JhUkaTYIFbDoERnbPq3WlEivCq0LsdodPmnR5iRtQDwnqCyhvt38sf1w5A
19d9c63e-d424-4e80-8922-385f73eeacf3,eyJhbGciOiJSUzI1NiIsInR5cCIgOiAiSldUIiwia2lkIiA6ICJOdHpmQVhtOVpvUVQwZUZoXzRZNmpJX2wycjNFS1k2ckJRcklMYzNPMjZnIn0.eyJqdGkiOiI0OWM1MDI3Yi1mZWNmLTQyNWYtYTU0My03N2JmYWY0ZDM0ZGEiLCJleHAiOjE1OTQ4OTU1MTEsIm5iZiI6MCwiaWF0IjoxNTkyMzAzNTExLCJpc3MiOiJodHRwczovL2xvYWR0ZXN0Lm50cC5uZXQuaW4vYXV0aC9yZWFsbXMvc3VuYmlyZCIsImF1ZCI6ImFkbWluLWNsaSIsInN1YiI6ImY6NTBmOTY3ZDQtYjlkYi00NTI4LTk1MGMtYjlmMDMzMmU2M2JhOjM5OTE0ZWNmLWNhNzYtNDU5Mi1iZGFkLTJkMTE0ZGQ2ZTgxNyIsInR5cCI6IkJlYXJlciIsImF6cCI6ImFkbWluLWNsaSIsImF1dGhfdGltZSI6MCwic2Vzc2lvbl9zdGF0ZSI6IjE0MDJhZTFmLWM1MTctNDBiNy05M2UxLWFiMTkzN2JiMmFiYSIsImFjciI6IjEiLCJhbGxvd2VkLW9yaWdpbnMiOltdLCJyZWFsbV9hY2Nlc3MiOnsicm9sZXMiOlsidW1hX2F1dGhvcml6YXRpb24iXX0sInJlc291cmNlX2FjY2VzcyI6e30sIm5hbWUiOiIxNTc4MzEwMDE0LTM3NDY2IiwicHJlZmVycmVkX3VzZXJuYW1lIjoiMTU3ODMxMDAxNC0zNzQ2Nl92NWt1IiwiZ2l2ZW5fbmFtZSI6IjE1NzgzMTAwMTQtMzc0NjYiLCJlbWFpbCI6IjE1KioqKioqKioqKioqKipAeW9wbWFpbC5jb20ifQ.JhEzOdpP9pzWqugpCTS50yI5noucqt6x0MYBwaS0-UDQjldCrvvqgf04NYxRGWIS4MSUzQlIbw5Pjk2h_IWmW2xTy7PuardxHzfCZ3ZVdr1eSnsyf7YHwZg_Q79NMU-D7JUtZm3MS_Jrb7VsUBLm0BWju0PtRIxHKdIf62xxgaXiSxmbUPX-Ql8Ql2CQDsu4N_v0WpuVFhlxrx7nUsngrSKfJxkyedVzpLRibRoiWgFQJCBLlWEoXWZohY1os1YVqP1rsR7rXnT-2BksL97zGBOROAfuoPWvwRj5CXTX03-sYsHrGqddjzCB6OapsJKnXlXVGrMh2uPusIIMJEYDCw,eyJhbGciOiJSUzI1NiIsImtpZCI6ImFjY2Vzc3YxX2tleTEwIn0.eyJwYXJlbnRJZCI6IjM5OTE0ZWNmLWNhNzYtNDU5Mi1iZGFkLTJkMTE0ZGQ2ZTgxNyIsInN1YiI6IjE5ZDljNjNlLWQ0MjQtNGU4MC04OTIyLTM4NWY3M2VlYWNmMyIsImV4cCI6MTY1NTM3NTUzNCwiaWF0IjoxNTkyMzAzNTM0fQ.XC5vxNhNmo-j7KvDDc82YdaqPoYJfEcFCPete_jBl_XQGdMiRw_y0X6STsPJdlkQ7CATbZIIbDmjkUxjrbwLkPiLb9rImCxY-BsX03Xvn2YQJ0SR4cs89VVCUM7Fo41MNMkqq8j3SfiHZd_by9vxhDpCjXBBixrfNxn1PQjayt_-P2859eDDSNXakd-xFEFJrHE4dyENecd59XF9gc2azOHZtBiZZEyXxGQayLU8CUkOw-P9WD-XwncC5W5zY6XqlAqAFKp2JSHEUB2T2SgXzvQT9hDPXogEuJPfyWgVhowmXu9Rlh0_GTaDLtX_n4Jtp3OO19Q65GGwUtme5cl9AQ
3c5583c4-bc15-4ece-b22f-175fa1ac4c40,eyJhbGciOiJSUzI1NiIsInR5cCIgOiAiSldUIiwia2lkIiA6ICJOdHpmQVhtOVpvUVQwZUZoXzRZNmpJX2wycjNFS1k2ckJRcklMYzNPMjZnIn0.eyJqdGkiOiI0OWM1MDI3Yi1mZWNmLTQyNWYtYTU0My03N2JmYWY0ZDM0ZGEiLCJleHAiOjE1OTQ4OTU1MTEsIm5iZiI6MCwiaWF0IjoxNTkyMzAzNTExLCJpc3MiOiJodHRwczovL2xvYWR0ZXN0Lm50cC5uZXQuaW4vYXV0aC9yZWFsbXMvc3VuYmlyZCIsImF1ZCI6ImFkbWluLWNsaSIsInN1YiI6ImY6NTBmOTY3ZDQtYjlkYi00NTI4LTk1MGMtYjlmMDMzMmU2M2JhOjM5OTE0ZWNmLWNhNzYtNDU5Mi1iZGFkLTJkMTE0ZGQ2ZTgxNyIsInR5cCI6IkJlYXJlciIsImF6cCI6ImFkbWluLWNsaSIsImF1dGhfdGltZSI6MCwic2Vzc2lvbl9zdGF0ZSI6IjE0MDJhZTFmLWM1MTctNDBiNy05M2UxLWFiMTkzN2JiMmFiYSIsImFjciI6IjEiLCJhbGxvd2VkLW9yaWdpbnMiOltdLCJyZWFsbV9hY2Nlc3MiOnsicm9sZXMiOlsidW1hX2F1dGhvcml6YXRpb24iXX0sInJlc291cmNlX2FjY2VzcyI6e30sIm5hbWUiOiIxNTc4MzEwMDE0LTM3NDY2IiwicHJlZmVycmVkX3VzZXJuYW1lIjoiMTU3ODMxMDAxNC0zNzQ2Nl92NWt1IiwiZ2l2ZW5fbmFtZSI6IjE1NzgzMTAwMTQtMzc0NjYiLCJlbWFpbCI6IjE1KioqKioqKioqKioqKipAeW9wbWFpbC5jb20ifQ.JhEzOdpP9pzWqugpCTS50yI5noucqt6x0MYBwaS0-UDQjldCrvvqgf04NYxRGWIS4MSUzQlIbw5Pjk2h_IWmW2xTy7PuardxHzfCZ3ZVdr1eSnsyf7YHwZg_Q79NMU-D7JUtZm3MS_Jrb7VsUBLm0BWju0PtRIxHKdIf62xxgaXiSxmbUPX-Ql8Ql2CQDsu4N_v0WpuVFhlxrx7nUsngrSKfJxkyedVzpLRibRoiWgFQJCBLlWEoXWZohY1os1YVqP1rsR7rXnT-2BksL97zGBOROAfuoPWvwRj5CXTX03-sYsHrGqddjzCB6OapsJKnXlXVGrMh2uPusIIMJEYDCw,eyJhbGciOiJSUzI1NiIsImtpZCI6ImFjY2Vzc3YxX2tleTEwIn0.eyJwYXJlbnRJZCI6IjM5OTE0ZWNmLWNhNzYtNDU5Mi1iZGFkLTJkMTE0ZGQ2ZTgxNyIsInN1YiI6IjNjNTU4M2M0LWJjMTUtNGVjZS1iMjJmLTE3NWZhMWFjNGM0MCIsImV4cCI6MTY1NTM3NTUzNCwiaWF0IjoxNTkyMzAzNTM0fQ.oerFpFEmivmhNAJo_UjMEBIoPLyve8AeDe2_sOfG-D7gyhcPUKXB0H4WJdLWiM-c7Hiiyht2DMP33_RJvD9tGJd7POKvPKNvZAXMGNJb3VkWH2VmFo_AqiT5RtEIiafKIYhx5h5-8_dEzziqzNrg2TvF4QQGXPUkPl3r3zD2dpnNFh8zyYUas7OI9_xEnJ5zmbnkhz0wdyAuszxTJFi1gy1XJNyxmsRT2000TtaAOI-sVuTq6r82xIJT8KaHF-vc9e8DyOW2qQw4ZGULymzdMVxwErXcHw1S7X_LbjPK5-vQmxZ7OwHH4h0coz17XSSclviQWggrLQ-fCt6FtiRmYg
5c6d7dbc-65c7-48b1-8ec3-cef3f6b3cdaf,eyJhbGciOiJSUzI1NiIsInR5cCIgOiAiSldUIiwia2lkIiA6ICJOdHpmQVhtOVpvUVQwZUZoXzRZNmpJX2wycjNFS1k2ckJRcklMYzNPMjZnIn0.eyJqdGkiOiI0OWM1MDI3Yi1mZWNmLTQyNWYtYTU0My03N2JmYWY0ZDM0ZGEiLCJleHAiOjE1OTQ4OTU1MTEsIm5iZiI6MCwiaWF0IjoxNTkyMzAzNTExLCJpc3MiOiJodHRwczovL2xvYWR0ZXN0Lm50cC5uZXQuaW4vYXV0aC9yZWFsbXMvc3VuYmlyZCIsImF1ZCI6ImFkbWluLWNsaSIsInN1YiI6ImY6NTBmOTY3ZDQtYjlkYi00NTI4LTk1MGMtYjlmMDMzMmU2M2JhOjM5OTE0ZWNmLWNhNzYtNDU5Mi1iZGFkLTJkMTE0ZGQ2ZTgxNyIsInR5cCI6IkJlYXJlciIsImF6cCI6ImFkbWluLWNsaSIsImF1dGhfdGltZSI6MCwic2Vzc2lvbl9zdGF0ZSI6IjE0MDJhZTFmLWM1MTctNDBiNy05M2UxLWFiMTkzN2JiMmFiYSIsImFjciI6IjEiLCJhbGxvd2VkLW9yaWdpbnMiOltdLCJyZWFsbV9hY2Nlc3MiOnsicm9sZXMiOlsidW1hX2F1dGhvcml6YXRpb24iXX0sInJlc291cmNlX2FjY2VzcyI6e30sIm5hbWUiOiIxNTc4MzEwMDE0LTM3NDY2IiwicHJlZmVycmVkX3VzZXJuYW1lIjoiMTU3ODMxMDAxNC0zNzQ2Nl92NWt1IiwiZ2l2ZW5fbmFtZSI6IjE1NzgzMTAwMTQtMzc0NjYiLCJlbWFpbCI6IjE1KioqKioqKioqKioqKipAeW9wbWFpbC5jb20ifQ.JhEzOdpP9pzWqugpCTS50yI5noucqt6x0MYBwaS0-UDQjldCrvvqgf04NYxRGWIS4MSUzQlIbw5Pjk2h_IWmW2xTy7PuardxHzfCZ3ZVdr1eSnsyf7YHwZg_Q79NMU-D7JUtZm3MS_Jrb7VsUBLm0BWju0PtRIxHKdIf62xxgaXiSxmbUPX-Ql8Ql2CQDsu4N_v0WpuVFhlxrx7nUsngrSKfJxkyedVzpLRibRoiWgFQJCBLlWEoXWZohY1os1YVqP1rsR7rXnT-2BksL97zGBOROAfuoPWvwRj5CXTX03-sYsHrGqddjzCB6OapsJKnXlXVGrMh2uPusIIMJEYDCw,eyJhbGciOiJSUzI1NiIsImtpZCI6ImFjY2Vzc3YxX2tleTEwIn0.eyJwYXJlbnRJZCI6IjM5OTE0ZWNmLWNhNzYtNDU5Mi1iZGFkLTJkMTE0ZGQ2ZTgxNyIsInN1YiI6IjVjNmQ3ZGJjLTY1YzctNDhiMS04ZWMzLWNlZjNmNmIzY2RhZiIsImV4cCI6MTY1NTM3NTUzNCwiaWF0IjoxNTkyMzAzNTM0fQ.bgb1GSB2TGATWZTWkmbKJ3owoUfdvxsQA1NDHeQuhLLc_Yn4VfiC01LJ_oK-5S849tIfmrUvovTtaSKIpnYMLd6Yby-9Qilinjm23iwCkxP03Y3cRBNsfINzp5LyH26XCwAWmHar7q0--iDi7S7gTOcEzUdG3TllzEikDUM0KBJ31QzbVciql-j6tJ-SXTQCEF8ql0sCDwBiSwyaOAVi3TKXmBOkJDGP5hup3Ijp77_oWqit1BSO_zmo72H-jMg_HfJsAoFyyVsf53sXQs-PYoeo6TiO0nXJ6AvWYCRJVeZlBLZzkS0EPUNs9GUFrqsFHGCb2V1XGdOI_GOHUK531g
ae03ec16-f838-441c-bb42-55de21b3392e,eyJhbGciOiJSUzI1NiIsInR5cCIgOiAiSldUIiwia2lkIiA6ICJOdHpmQVhtOVpvUVQwZUZoXzRZNmpJX2wycjNFS1k2ckJRcklMYzNPMjZnIn0.eyJqdGkiOiI0OWM1MDI3Yi1mZWNmLTQyNWYtYTU0My03N2JmYWY0ZDM0ZGEiLCJleHAiOjE1OTQ4OTU1MTEsIm5iZiI6MCwiaWF0IjoxNTkyMzAzNTExLCJpc3MiOiJodHRwczovL2xvYWR0ZXN0Lm50cC5uZXQuaW4vYXV0aC9yZWFsbXMvc3VuYmlyZCIsImF1ZCI6ImFkbWluLWNsaSIsInN1YiI6ImY6NTBmOTY3ZDQtYjlkYi00NTI4LTk1MGMtYjlmMDMzMmU2M2JhOjM5OTE0ZWNmLWNhNzYtNDU5Mi1iZGFkLTJkMTE0ZGQ2ZTgxNyIsInR5cCI6IkJlYXJlciIsImF6cCI6ImFkbWluLWNsaSIsImF1dGhfdGltZSI6MCwic2Vzc2lvbl9zdGF0ZSI6IjE0MDJhZTFmLWM1MTctNDBiNy05M2UxLWFiMTkzN2JiMmFiYSIsImFjciI6IjEiLCJhbGxvd2VkLW9yaWdpbnMiOltdLCJyZWFsbV9hY2Nlc3MiOnsicm9sZXMiOlsidW1hX2F1dGhvcml6YXRpb24iXX0sInJlc291cmNlX2FjY2VzcyI6e30sIm5hbWUiOiIxNTc4MzEwMDE0LTM3NDY2IiwicHJlZmVycmVkX3VzZXJuYW1lIjoiMTU3ODMxMDAxNC0zNzQ2Nl92NWt1IiwiZ2l2ZW5fbmFtZSI6IjE1NzgzMTAwMTQtMzc0NjYiLCJlbWFpbCI6IjE1KioqKioqKioqKioqKipAeW9wbWFpbC5jb20ifQ.JhEzOdpP9pzWqugpCTS50yI5noucqt6x0MYBwaS0-UDQjldCrvvqgf04NYxRGWIS4MSUzQlIbw5Pjk2h_IWmW2xTy7PuardxHzfCZ3ZVdr1eSnsyf7YHwZg_Q79NMU-D7JUtZm3MS_Jrb7VsUBLm0BWju0PtRIxHKdIf62xxgaXiSxmbUPX-Ql8Ql2CQDsu4N_v0WpuVFhlxrx7nUsngrSKfJxkyedVzpLRibRoiWgFQJCBLlWEoXWZohY1os1YVqP1rsR7rXnT-2BksL97zGBOROAfuoPWvwRj5CXTX03-sYsHrGqddjzCB6OapsJKnXlXVGrMh2uPusIIMJEYDCw,eyJhbGciOiJSUzI1NiIsImtpZCI6ImFjY2Vzc3YxX2tleTEwIn0.eyJwYXJlbnRJZCI6IjM5OTE0ZWNmLWNhNzYtNDU5Mi1iZGFkLTJkMTE0ZGQ2ZTgxNyIsInN1YiI6ImFlMDNlYzE2LWY4MzgtNDQxYy1iYjQyLTU1ZGUyMWIzMzkyZSIsImV4cCI6MTY1NTM3NTUzNCwiaWF0IjoxNTkyMzAzNTM0fQ.D6sNvJRJ33f5kYTYPruvn4dOWPgzRbLmMJF5Yv1jdbsLzpUZRP31r8yMl3_cVtm3qooINghCJLDAXIAP7busLHrhW3EGQYwox1MEB0Pv8qjBvlZbgUO7EI8YQhAH7gmcnkZgJgiPMiLLLEUlSSkmubv5oDCTQet_iJ0PXU-2h_hu0Q6xNtApiX_vRwXpyfXz2HiE1DA0lyekYilgfo10ozCz82cGKOBhe3E4E5GK2MY5LYOtQeHQrbKvDttoGkcYQHHo16FN-u8B1Nbl3mtGOuVugq7GpMelxRVTiKzCUNUMq_pFbmbZ-GaHcR4DRKs6Yb6AHrmFk5GzRk2ePJTzkw
8ffa6ba8-682c-44f5-a4b9-2045423e29c4,eyJhbGciOiJSUzI1NiIsInR5cCIgOiAiSldUIiwia2lkIiA6ICJOdHpmQVhtOVpvUVQwZUZoXzRZNmpJX2wycjNFS1k2ckJRcklMYzNPMjZnIn0.eyJqdGkiOiI0OWM1MDI3Yi1mZWNmLTQyNWYtYTU0My03N2JmYWY0ZDM0ZGEiLCJleHAiOjE1OTQ4OTU1MTEsIm5iZiI6MCwiaWF0IjoxNTkyMzAzNTExLCJpc3MiOiJodHRwczovL2xvYWR0ZXN0Lm50cC5uZXQuaW4vYXV0aC9yZWFsbXMvc3VuYmlyZCIsImF1ZCI6ImFkbWluLWNsaSIsInN1YiI6ImY6NTBmOTY3ZDQtYjlkYi00NTI4LTk1MGMtYjlmMDMzMmU2M2JhOjM5OTE0ZWNmLWNhNzYtNDU5Mi1iZGFkLTJkMTE0ZGQ2ZTgxNyIsInR5cCI6IkJlYXJlciIsImF6cCI6ImFkbWluLWNsaSIsImF1dGhfdGltZSI6MCwic2Vzc2lvbl9zdGF0ZSI6IjE0MDJhZTFmLWM1MTctNDBiNy05M2UxLWFiMTkzN2JiMmFiYSIsImFjciI6IjEiLCJhbGxvd2VkLW9yaWdpbnMiOltdLCJyZWFsbV9hY2Nlc3MiOnsicm9sZXMiOlsidW1hX2F1dGhvcml6YXRpb24iXX0sInJlc291cmNlX2FjY2VzcyI6e30sIm5hbWUiOiIxNTc4MzEwMDE0LTM3NDY2IiwicHJlZmVycmVkX3VzZXJuYW1lIjoiMTU3ODMxMDAxNC0zNzQ2Nl92NWt1IiwiZ2l2ZW5fbmFtZSI6IjE1NzgzMTAwMTQtMzc0NjYiLCJlbWFpbCI6IjE1KioqKioqKioqKioqKipAeW9wbWFpbC5jb20ifQ.JhEzOdpP9pzWqugpCTS50yI5noucqt6x0MYBwaS0-UDQjldCrvvqgf04NYxRGWIS4MSUzQlIbw5Pjk2h_IWmW2xTy7PuardxHzfCZ3ZVdr1eSnsyf7YHwZg_Q79NMU-D7JUtZm3MS_Jrb7VsUBLm0BWju0PtRIxHKdIf62xxgaXiSxmbUPX-Ql8Ql2CQDsu4N_v0WpuVFhlxrx7nUsngrSKfJxkyedVzpLRibRoiWgFQJCBLlWEoXWZohY1os1YVqP1rsR7rXnT-2BksL97zGBOROAfuoPWvwRj5CXTX03-sYsHrGqddjzCB6OapsJKnXlXVGrMh2uPusIIMJEYDCw,eyJhbGciOiJSUzI1NiIsImtpZCI6ImFjY2Vzc3YxX2tleTEwIn0.eyJwYXJlbnRJZCI6IjM5OTE0ZWNmLWNhNzYtNDU5Mi1iZGFkLTJkMTE0ZGQ2ZTgxNyIsInN1YiI6IjhmZmE2YmE4LTY4MmMtNDRmNS1hNGI5LTIwNDU0MjNlMjljNCIsImV4cCI6MTY1NTM3NTUzNCwiaWF0IjoxNTkyMzAzNTM0fQ.vk7dkjJwUfU_hAb2NtDH4meTBOKmk05JZJDonH3s-r920T9srR7DltJ8XZI82VZbDHh7UgZPJ3sg01qe7W6AESqfaDVOING-jffXSzVKU4Iemv6eQrRGD-zjuwZszNH-iFPPUj6ICML7WzsgjiP7N0HcAqhtmrlIe_2LXARJFuOcWYVcUKPb78VsoNMfdOJhe385CuM9IUaa1_WGReqzrItO2IVR3dvf1XTxXS8xXDYWvuYGWX8skRA14VZUNfaUQZRCvKU0_Ctc-DxJqzi0taa8tWfGozttmK2ot3YYjnEaBAx3jp_O1RIuN_QnyghbSQLVhgTDIaLgSNiZ7yy6VQ